Group,Creation Day,Creation Month,Creation Year,Day of Value,Month of Value,Year of Value,Geography,ValueType,Model,Scenario,ModelType,Version,Value,AgeBand,Quantile 0.05,Quantile 0.1,Quantile 0.15,Quantile 0.2,Quantile 0.25,Quantile 0.3,Quantile 0.35,Quantile 0.4,Quantile 0.45,Quantile 0.5,Quantile 0.55,Quantile 0.6,Quantile 0.65,Quantile 0.7,Quantile 0.75,Quantile 0.8,Quantile 0.85,Quantile 0.9,Quantile 0.95
LSHTM,8,3,2021,8,3,2021,East of England,type28_death_inc_line,EpiNow,MTP,Cases,2.0,19,All,8,10,12,13,14,15,16,17,18,19,20,21,22,23.299999999999955,25,27,29,32,37.049999999999955
LSHTM,8,3,2021,9,3,2021,East of England,type28_death_inc_line,EpiNow,MTP,Cases,2.0,18,All,8,9,11,12,13,14,15,16,17,18,19,20,21,22,23,24,26,29,34
LSHTM,8,3,2021,10,3,2021,East of England,type28_death_inc_line,EpiNow,MTP,Cases,2.0,15,All,6,7,8,9,10,11,12,13,14,15,16,16,17,19,19,21,22,25,28.049999999999955
LSHTM,8,3,2021,11,3,2021,East of England,type28_death_inc_line,EpiNow,MTP,Cases,2.0,16,All,6,8,9,10,11,12,13,14,15,16,17,17,18.350000000000023,20,21,22,24,27,31
LSHTM,8,3,2021,12,3,2021,East of England,type28_death_inc_line,EpiNow,MTP,Cases,2.0,13,All,5,7,8,9,9,10,11,12,13,13,14,15,16,16,17,19,20,22,26
LSHTM,8,3,2021,13,3,2021,East of England,type28_death_inc_line,EpiNow,MTP,Cases,2.0,14,All,6,7,8,9,10,11,12,13,13,14,15,16,17,18,19,20,21,24,28
LSHTM,8,3,2021,14,3,2021,East of England,type28_death_inc_line,EpiNow,MTP,Cases,2.0,12,All,4,6,7,7,8,9,10,10,11,12,13,13,14,15,16,17,18,20,24
LSHTM,8,3,2021,15,3,2021,East of England,type28_death_inc_line,EpiNow,MTP,Cases,2.0,13,All,5,6,7,8,9,10,11,11,12,13,14,14,15,16,17,19,20,22.100000000000023,26
LSHTM,8,3,2021,16,3,2021,East of England,type28_death_inc_line,EpiNow,MTP,Cases,2.0,12,All,5,6,7,8,9,10,10,11,12,12,13,14,15,16,17,19,20,22,26
LSHTM,8,3,2021,17,3,2021,East of England,type28_death_inc_line,EpiNow,MTP,Cases,2.0,10,All,3,5,6,6,7,7,8,9,9,10,10,11,12,13,14,15,16,18,21
LSHTM,8,3,2021,18,3,2021,East of England,type28_death_inc_line,EpiNow,MTP,Cases,2.0,11,All,4,5,6,7,7,8,9,9,10,11,12,12,13,14,15,16,18,20,22.049999999999955
LSHTM,8,3,2021,19,3,2021,East of England,type28_death_inc_line,EpiNow,MTP,Cases,2.0,9,All,3,4,5,6,6,7,7,8,8,9,9,10,11,12,13,14,15,17,20
LSHTM,8,3,2021,20,3,2021,East of England,type28_death_inc_line,EpiNow,MTP,Cases,2.0,9,All,3,4,5,6,7,7,8,8,9,9,10,11,12,13,13,15,16,18,21
LSHTM,8,3,2021,21,3,2021,East of England,type28_death_inc_line,EpiNow,MTP,Cases,2.0,8,All,2,3,4,5,5,6,6,7,7,8,9,9,10,11,11.25,12,14,16,19
LSHTM,8,3,2021,22,3,2021,East of England,type28_death_inc_line,EpiNow,MTP,Cases,2.0,9,All,2.950000000000003,4,4,5,6,7,7,8,9,9,10,10,11,12,13,14,15,17,20
LSHTM,8,3,2021,23,3,2021,East of England,type28_death_inc_line,EpiNow,MTP,Cases,2.0,8,All,2,3,4,4,5,6,6,7,8,8,9,9,10,11,12,13,15,17,20
LSHTM,8,3,2021,24,3,2021,East of England,type28_death_inc_line,EpiNow,MTP,Cases,2.0,7,All,1,2,3,4,4,5,5,6,6,7,7,8,9,9,10,11,13,14,17
LSHTM,8,3,2021,25,3,2021,East of England,type28_death_inc_line,EpiNow,MTP,Cases,2.0,7,All,2,3,3,4,4,5,6,6,7,7,8,8,9,10,11,12,13,15,19
LSHTM,8,3,2021,26,3,2021,East of England,type28_death_inc_line,EpiNow,MTP,Cases,2.0,6,All,1,2,3,3,4,4,5,5,6,6,7,7,8,8,9,10,11,13,16
LSHTM,8,3,2021,27,3,2021,East of England,type28_death_inc_line,EpiNow,MTP,Cases,2.0,6,All,1,2,3,3,4,4,5,5,6,6,7,8,8,9,10,11,13,14,18
LSHTM,8,3,2021,28,3,2021,East of England,type28_death_inc_line,EpiNow,MTP,Cases,2.0,5.5,All,1,2,2,3,3,4,4,4,5,5.5,6,6,7,8,8,9,11,12,16
LSHTM,8,3,2021,29,3,2021,East of England,type28_death_inc_line,EpiNow,MTP,Cases,2.0,6,All,1,2,3,3,3,4,4,5,6,6,7,7,8,8.299999999999955,9,11,12,14,18
LSHTM,8,3,2021,30,3,2021,East of England,type28_death_inc_line,EpiNow,MTP,Cases,2.0,6,All,1,2,2,3,3,4,4,5,5,6,6,7,8,9,10,11,12,14,17
LSHTM,8,3,2021,31,3,2021,East of England,type28_death_inc_line,EpiNow,MTP,Cases,2.0,5,All,1,1,2,2,2,3,3,4,4,5,5,6,6,7,8,9,10,12,16
LSHTM,8,3,2021,1,4,2021,East of England,type28_death_inc_line,EpiNow,MTP,Cases,2.0,5,All,1,1,2,2,3,3,4,4,4,5,5,6,7,8,9,9,11,13,17
LSHTM,8,3,2021,2,4,2021,East of England,type28_death_inc_line,EpiNow,MTP,Cases,2.0,4,All,0,1,1,2,2,2,3,3,4,4,5,5,6,6,7,8,9,11,16
LSHTM,8,3,2021,3,4,2021,East of England,type28_death_inc_line,EpiNow,MTP,Cases,2.0,4,All,0,1,1,2,2,3,3,3,4,4,5,5,6,7,7,9,10,13,17
LSHTM,8,3,2021,4,4,2021,East of England,type28_death_inc_line,EpiNow,MTP,Cases,2.0,4,All,0,1,1,1,2,2,2.6499999999999773,3,3,4,4,5,5,6,7,8,9,11,15
LSHTM,8,3,2021,5,4,2021,East of England,type28_death_inc_line,EpiNow,MTP,Cases,2.0,4,All,0,1,1,2,2,2,3,3,4,4,5,5,6,7,8,8.200000000000045,10,12,18.049999999999955
LSHTM,8,3,2021,6,4,2021,East of England,type28_death_inc_line,EpiNow,MTP,Cases,2.0,4,All,0,1,1,2,2,2,3,3,4,4,4,5,6,6,7,9,10,13,17
LSHTM,8,3,2021,7,4,2021,East of England,type28_death_inc_line,EpiNow,MTP,Cases,2.0,3,All,0,0,1,1,1,2,2,2,3,3,3,4,4,5,6,7,8,10,14.049999999999955
LSHTM,8,3,2021,8,4,2021,East of England,type28_death_inc_line,EpiNow,MTP,Cases,2.0,3,All,0,0,1,1,1,2,2,3,3,3,4,4,5,6,6,7,9,11,15
LSHTM,8,3,2021,9,4,2021,East of England,type28_death_inc_line,EpiNow,MTP,Cases,2.0,3,All,0,0,1,1,1,1,2,2,2,3,3,3,4,5,5,6,8,10,14
LSHTM,8,3,2021,10,4,2021,East of England,type28_death_inc_line,EpiNow,MTP,Cases,2.0,3,All,0,0,1,1,1,1,2,2,3,3,3,4,4,5,6,7,8,11,17
LSHTM,8,3,2021,11,4,2021,East of England,type28_death_inc_line,EpiNow,MTP,Cases,2.0,2,All,0,0,0,1,1,1,1,2,2,2,3,3,4,4,5,6,7.149999999999977,10,14.049999999999955
LSHTM,8,3,2021,12,4,2021,East of England,type28_death_inc_line,EpiNow,MTP,Cases,2.0,3,All,0,0,1,1,1,2,2,2,3,3,3,4,4,5,5,7,8,10,16
LSHTM,8,3,2021,13,4,2021,East of England,type28_death_inc_line,EpiNow,MTP,Cases,2.0,2,All,0,0,0,1,1,1,1,2,2,2,3,3,4,4,5,6,8,10,17.049999999999955
LSHTM,8,3,2021,14,4,2021,East of England,type28_death_inc_line,EpiNow,MTP,Cases,2.0,2,All,0,0,0,0,1,1,1,1,2,2,2,3,3,4,4,5,6,8.100000000000023,14.049999999999955
LSHTM,8,3,2021,15,4,2021,East of England,type28_death_inc_line,EpiNow,MTP,Cases,2.0,2,All,0,0,0,0.8000000000000114,1,1,1,2,2,2,3,3,4,4,5,6,7,10,16
LSHTM,8,3,2021,16,4,2021,East of England,type28_death_inc_line,EpiNow,MTP,Cases,2.0,2,All,0,0,0,0,0,1,1,1,1,2,2,3,3,4,4,5,6.149999999999977,9,13
LSHTM,8,3,2021,17,4,2021,East of England,type28_death_inc_line,EpiNow,MTP,Cases,2.0,2,All,0,0,0,0,1,1,1,1,2,2,2,3,3,4,5,6,7,10,16
LSHTM,8,3,2021,18,4,2021,East of England,type28_death_inc_line,EpiNow,MTP,Cases,2.0,2,All,0,0,0,0,1,1,1,1,1,2,2,2,3,3,4,5,6,8,14
LSHTM,8,3,2021,19,4,2021,East of England,type28_death_inc_line,EpiNow,MTP,Cases,2.0,2,All,0,0,0,0,1,1,1,1,2,2,2,3,3,4,5,6,7,10,17
LSHTM,8,3,2021,20,4,2021,East of England,type28_death_inc_line,EpiNow,MTP,Cases,2.0,2,All,0,0,0,0,0,1,1,1,1,2,2,2,3,4,4,5,6.149999999999977,9,16
LSHTM,8,3,2021,21,4,2021,East of England,type28_death_inc_line,EpiNow,MTP,Cases,2.0,1,All,0,0,0,0,0,0,1,1,1,1,2,2,2,3,3,4,6,8,12.049999999999955
LSHTM,8,3,2021,22,4,2021,East of England,type28_death_inc_line,EpiNow,MTP,Cases,2.0,1,All,0,0,0,0,0,0,1,1,1,1,2,2,3,3,4,5,6,9,15.049999999999955
LSHTM,8,3,2021,23,4,2021,East of England,type28_death_inc_line,EpiNow,MTP,Cases,2.0,1,All,0,0,0,0,0,0,0,1,1,1,1,2,2,3,3,4,5,7,13
LSHTM,8,3,2021,24,4,2021,East of England,type28_death_inc_line,EpiNow,MTP,Cases,2.0,1,All,0,0,0,0,0,0,1,1,1,1,2,2,2,3,4,5,6,9,16
LSHTM,8,3,2021,25,4,2021,East of England,type28_death_inc_line,EpiNow,MTP,Cases,2.0,1,All,0,0,0,0,0,0,0,1,1,1,1,2,2,3,3,4,5,8,12
LSHTM,8,3,2021,26,4,2021,East of England,type28_death_inc_line,EpiNow,MTP,Cases,2.0,1,All,0,0,0,0,0,0,0,1,1,1,1,2,2,3,3,4,6,8,16
LSHTM,8,3,2021,8,3,2021,London,type28_death_inc_line,EpiNow,MTP,Cases,2.0,12,All,5,6,7,8,9,9,10,10,11,12,12,13,14,15,15,16,18,19,22
LSHTM,8,3,2021,9,3,2021,London,type28_death_inc_line,EpiNow,MTP,Cases,2.0,10,All,4,5,6,7,7,8,8,9,9,10,11,11,12,12,13,14,15,16,18
LSHTM,8,3,2021,10,3,2021,London,type28_death_inc_line,EpiNow,MTP,Cases,2.0,10,All,4,5,6,7,7,8,9,9,10,10,11,11,12,13,13,14,15,16,19
LSHTM,8,3,2021,11,3,2021,London,type28_death_inc_line,EpiNow,MTP,Cases,2.0,9,All,4,5,5,6,7,7,7,8,8,9,9.450000000000045,10,11,11,12,13,14,15,17
LSHTM,8,3,2021,12,3,2021,London,type28_death_inc_line,EpiNow,MTP,Cases,2.0,9,All,4,5,5,6,6,7,7,8,8,9,9,10,11,11,12,13,14,16,18
LSHTM,8,3,2021,13,3,2021,London,type28_death_inc_line,EpiNow,MTP,Cases,2.0,9,All,4,5,5,6,7,7,8,8,9,9,10,10,11,11,12,13,14,15,17
LSHTM,8,3,2021,14,3,2021,London,type28_death_inc_line,EpiNow,MTP,Cases,2.0,9,All,3,4,5,6,6,7,7,8,8,9,9,10,11,11,12,13,14,15,18
LSHTM,8,3,2021,15,3,2021,London,type28_death_inc_line,EpiNow,MTP,Cases,2.0,9,All,3,4,5,6,6,7,7,8,8,9,10,10,11,11,12,13,14,15,18
LSHTM,8,3,2021,16,3,2021,London,type28_death_inc_line,EpiNow,MTP,Cases,2.0,8,All,3,4,4,5,5,6,6,7,7,8,8,9,9,10,10,11,12,14,16.049999999999955
LSHTM,8,3,2021,17,3,2021,London,type28_death_inc_line,EpiNow,MTP,Cases,2.0,8,All,3,4,4,5,5,6,6,7,7,8,9,9,10,10,11,12,13,14,16
LSHTM,8,3,2021,18,3,2021,London,type28_death_inc_line,EpiNow,MTP,Cases,2.0,7,All,2,3,4,4,5,5,6,6,7,7,8,8,9,10,10,11,12,13,16
LSHTM,8,3,2021,19,3,2021,London,type28_death_inc_line,EpiNow,MTP,Cases,2.0,7,All,2,3,4,4,5,5,6,6,7,7,8,8,9,9,10,11,12,13,16.049999999999955
LSHTM,8,3,2021,20,3,2021,London,type28_death_inc_line,EpiNow,MTP,Cases,2.0,7,All,2,3,4,5,5,5,6,6,7,7,8,8,9,10,10,11.200000000000045,13,14,18
LSHTM,8,3,2021,21,3,2021,London,type28_death_inc_line,EpiNow,MTP,Cases,2.0,7,All,2,3,4,4,5,5,5,6,7,7,8,8,9,10,10,11,12.149999999999977,15,18
LSHTM,8,3,2021,22,3,2021,London,type28_death_inc_line,EpiNow,MTP,Cases,2.0,7,All,2,3,4,4,5,5,6,6,7,7,8,9,9,10,11,12,13,15,19
LSHTM,8,3,2021,23,3,2021,London,type28_death_inc_line,EpiNow,MTP,Cases,2.0,6,All,2,2,3,4,4,4,5,5,6,6,7,7,8,9,10,11,12,14,18
LSHTM,8,3,2021,24,3,2021,London,type28_death_inc_line,EpiNow,MTP,Cases,2.0,6.5,All,2,3,3,4,4,5,5,6,6,6.5,7,8,8,9,10,11,13,16,21
LSHTM,8,3,2021,25,3,2021,London,type28_death_inc_line,EpiNow,MTP,Cases,2.0,6,All,1,2,3,3,4,4,4,5,5,6,6,7,8,8,9,11,12,15,21
LSHTM,8,3,2021,26,3,2021,London,type28_death_inc_line,EpiNow,MTP,Cases,2.0,6,All,1,2,3,3,4,4,4,5,5,6,6,7,8,9,9.25,11,13,15,21.049999999999955
LSHTM,8,3,2021,27,3,2021,London,type28_death_inc_line,EpiNow,MTP,Cases,2.0,6,All,1,2,2,3,4,4,5,5,5,6,7,7,8,9,10,11,13,16,23
LSHTM,8,3,2021,28,3,2021,London,type28_death_inc_line,EpiNow,MTP,Cases,2.0,6,All,1,2,2,3,3,4,4,5,5,6,7,7,8,9,10,11,13,17,24.049999999999955
LSHTM,8,3,2021,29,3,2021,London,type28_death_inc_line,EpiNow,MTP,Cases,2.0,6,All,1,2,2,3,4,4,4,5,5,6,6,7,8,9,10,11,14,18,27
LSHTM,8,3,2021,30,3,2021,London,type28_death_inc_line,EpiNow,MTP,Cases,2.0,5,All,1,2,2,2,3,3,4,4,5,5,6,7,7,8,10,11,14,18,26
LSHTM,8,3,2021,31,3,2021,London,type28_death_inc_line,EpiNow,MTP,Cases,2.0,5,All,1,1,2,2,3,3,4,4,5,5,6,7,8,9,10,11,14,18,29
LSHTM,8,3,2021,1,4,2021,London,type28_death_inc_line,EpiNow,MTP,Cases,2.0,5,All,1,1,2,2,2,3,3,4,4,5,5,6,7,8,9,10,12.149999999999977,17,27
LSHTM,8,3,2021,2,4,2021,London,type28_death_inc_line,EpiNow,MTP,Cases,2.0,5,All,1,1,2,2,3,3,3,4,4,5,6,6,7,8,9,11,14,18,28.049999999999955
LSHTM,8,3,2021,3,4,2021,London,type28_death_inc_line,EpiNow,MTP,Cases,2.0,5,All,1,1,2,2,2,3,3,4,4,5,5,6,7,9,10,12,15,20,32.049999999999955
LSHTM,8,3,2021,4,4,2021,London,type28_death_inc_line,EpiNow,MTP,Cases,2.0,5,All,0,1,2,2,3,3,3,4,4,5,6,6,7,8,10,12,15,21,34
LSHTM,8,3,2021,5,4,2021,London,type28_death_inc_line,EpiNow,MTP,Cases,2.0,5,All,0,1,2,2,3,3,3,4,4,5,6,7,7,8,10,13,16,21.100000000000023,38.09999999999991
LSHTM,8,3,2021,6,4,2021,London,type28_death_inc_line,EpiNow,MTP,Cases,2.0,5,All,0,1,1,2,2,3,3,4,4,5,5,6,7,8,9,11,16,23,38
LSHTM,8,3,2021,7,4,2021,London,type28_death_inc_line,EpiNow,MTP,Cases,2.0,5,All,0,1,1,2,2,3,3,3.6000000000000227,4,5,5,6,7,8,10,12,15,23,43
LSHTM,8,3,2021,8,4,2021,London,type28_death_inc_line,EpiNow,MTP,Cases,2.0,4,All,0,0,1,1,2,2,3,3,3,4,5,5,6,8,9,11,15,22,43.049999999999955
LSHTM,8,3,2021,9,4,2021,London,type28_death_inc_line,EpiNow,MTP,Cases,2.0,4,All,0,1,1,1,2,2,3,3,4,4,5,6,7,8,9,11.200000000000045,16.149999999999977,25.100000000000023,41
LSHTM,8,3,2021,10,4,2021,London,type28_death_inc_line,EpiNow,MTP,Cases,2.0,4,All,0,1,1,1,2,2,3,3,4,4,5,6,7,8,10.25,12,16,26,46.049999999999955
LSHTM,8,3,2021,11,4,2021,London,type28_death_inc_line,EpiNow,MTP,Cases,2.0,4,All,0,0,1,1,2,2,2,3,4,4,5,6,7,8,10,12,17,26,51.049999999999955
LSHTM,8,3,2021,12,4,2021,London,type28_death_inc_line,EpiNow,MTP,Cases,2.0,4,All,0,0,1,1,2,2,2,3,4,4,5,6,7,8,11,13,18.149999999999977,29,60
LSHTM,8,3,2021,13,4,2021,London,type28_death_inc_line,EpiNow,MTP,Cases,2.0,4,All,0,0,1,1,1,2,2,3,3,4,5,5,7,8,9,12,17,27.100000000000023,53.049999999999955
LSHTM,8,3,2021,14,4,2021,London,type28_death_inc_line,EpiNow,MTP,Cases,2.0,4,All,0,0,1,1,1,2,2,3,3,4,4,5,6,7,10,12,17.149999999999977,28.100000000000023,67
LSHTM,8,3,2021,15,4,2021,London,type28_death_inc_line,EpiNow,MTP,Cases,2.0,3,All,0,0,0,1,1,2,2,2,3,3,4,5,6,7,9,12,17.149999999999977,28,64.09999999999991
LSHTM,8,3,2021,16,4,2021,London,type28_death_inc_line,EpiNow,MTP,Cases,2.0,4,All,0,0,0,1,1,2,2,2,3,4,4,5,6,8,10,13,17,29,60.09999999999991
LSHTM,8,3,2021,17,4,2021,London,type28_death_inc_line,EpiNow,MTP,Cases,2.0,4,All,0,0,0,1,1,2,2,2.6000000000000227,3,4,5,5,7,8,10,13,21,34.10000000000002,68.09999999999991
LSHTM,8,3,2021,18,4,2021,London,type28_death_inc_line,EpiNow,MTP,Cases,2.0,4,All,0,0,0,1,1,2,2,2,3,4,4,5,6,8,10,14,19,35,78
LSHTM,8,3,2021,19,4,2021,London,type28_death_inc_line,EpiNow,MTP,Cases,2.0,4,All,0,0,0.8499999999999943,1,1,2,2,3,3,4,5,5,7,8,10,14,22,36.200000000000045,78
LSHTM,8,3,2021,20,4,2021,London,type28_death_inc_line,EpiNow,MTP,Cases,2.0,3,All,0,0,0,1,1,1,2,2,2.5500000000000114,3,4,5,6,7,9,13,21,35,76.59999999999945
LSHTM,8,3,2021,21,4,2021,London,type28_death_inc_line,EpiNow,MTP,Cases,2.0,3,All,0,0,0,1,1,1,2,2,3,3,4,5,6,7.2999999999999545,10,14,22,40,80.14999999999986
LSHTM,8,3,2021,22,4,2021,London,type28_death_inc_line,EpiNow,MTP,Cases,2.0,3,All,0,0,0,0,1,1,1,2,2,3,4,4,6,8,10,13,19,36.200000000000045,80
LSHTM,8,3,2021,23,4,2021,London,type28_death_inc_line,EpiNow,MTP,Cases,2.0,3,All,0,0,0,0,1,1,1,2,2,3,4,5,6,7,10,13,18.149999999999977,38,94
LSHTM,8,3,2021,24,4,2021,London,type28_death_inc_line,EpiNow,MTP,Cases,2.0,3,All,0,0,0,1,1,1,1,2,2,3,4,4,6,8,11,14,22,42,101.09999999999991
LSHTM,8,3,2021,25,4,2021,London,type28_death_inc_line,EpiNow,MTP,Cases,2.0,3,All,0,0,0,0,1,1,1,2,2,3,4,5,6,8,10,13,21,40.10000000000002,100
LSHTM,8,3,2021,26,4,2021,London,type28_death_inc_line,EpiNow,MTP,Cases,2.0,3,All,0,0,0,0,1,1,1,2,2,3,4,4.399999999999977,6,8,11,14,24,46.40000000000009,108.04999999999995
LSHTM,8,3,2021,8,3,2021,Midlands,type28_death_inc_line,EpiNow,MTP,Cases,2.0,44,All,25,29,32,34,36,38,39,41,43,44,46,48,50,52,55,57.200000000000045,61,65,71
LSHTM,8,3,2021,9,3,2021,Midlands,type28_death_inc_line,EpiNow,MTP,Cases,2.0,40,All,22,26,28,31,32,34,36,37,39,40,42,43,45,48,50,53,56,59,66
LSHTM,8,3,2021,10,3,2021,Midlands,type28_death_inc_line,EpiNow,MTP,Cases,2.0,33,All,18,21,23,25,26,28,29,30,32,33,34,36,37,39,41,43,46,50,55
LSHTM,8,3,2021,11,3,2021,Midlands,type28_death_inc_line,EpiNow,MTP,Cases,2.0,37,All,20,24,26,28,30,31,33,34,35,37,38,40,41.35000000000002,43,45,48,50,53,59
LSHTM,8,3,2021,12,3,2021,Midlands,type28_death_inc_line,EpiNow,MTP,Cases,2.0,29,All,16,18.900000000000006,20,22,23,24,26,27,28,29,30,32,33,35,36,38,41,44.10000000000002,49
LSHTM,8,3,2021,13,3,2021,Midlands,type28_death_inc_line,EpiNow,MTP,Cases,2.0,31,All,16,19,21,23,24.75,26,27,28,29,31,32,33,35,36,38,39,42,45,50
LSHTM,8,3,2021,14,3,2021,Midlands,type28_death_inc_line,EpiNow,MTP,Cases,2.0,30,All,16,18,20,22,23,25,26,27,28,30,31,32,34,35,36,38,41,45,49
LSHTM,8,3,2021,15,3,2021,Midlands,type28_death_inc_line,EpiNow,MTP,Cases,2.0,30,All,16,19,21,23,24,25,27,28,29,30,31,33,34,36,38,40,42,46,53
LSHTM,8,3,2021,16,3,2021,Midlands,type28_death_inc_line,EpiNow,MTP,Cases,2.0,26,All,14,17,18,20,21,22,23,24,25,26,28,29,30,31.299999999999955,33,35,37,40,45
LSHTM,8,3,2021,17,3,2021,Midlands,type28_death_inc_line,EpiNow,MTP,Cases,2.0,22,All,11,13,15,16,17,18,19,20,21,22,23,24,26,27,28,30,32,34,39
LSHTM,8,3,2021,18,3,2021,Midlands,type28_death_inc_line,EpiNow,MTP,Cases,2.0,24,All,12,14,15,17,18,19,20,21,22,24,25,26,27,29,30,32,34,37,43
LSHTM,8,3,2021,19,3,2021,Midlands,type28_death_inc_line,EpiNow,MTP,Cases,2.0,19,All,8,11,12,14,15,16,17,18,18,19,20,21,22,23,24,26,27,30,33
LSHTM,8,3,2021,20,3,2021,Midlands,type28_death_inc_line,EpiNow,MTP,Cases,2.0,19.5,All,9,11,12,14,14,16,17,18,18,19.5,21,22,23,24,25,27,29,31.100000000000023,36
LSHTM,8,3,2021,21,3,2021,Midlands,type28_death_inc_line,EpiNow,MTP,Cases,2.0,19,All,8,11,12,13,14,15,16,17,18,19,20,21,22,23,24,25,27,30,34
LSHTM,8,3,2021,22,3,2021,Midlands,type28_death_inc_line,EpiNow,MTP,Cases,2.0,19,All,8,10,12,13,14,15,16,17,18,19,20,21,22,23,25,26,28,31,36
LSHTM,8,3,2021,23,3,2021,Midlands,type28_death_inc_line,EpiNow,MTP,Cases,2.0,16,All,7,9,10,11,12,13,14,15,15,16,17,18,19,20,22,23,25,26.100000000000023,31
LSHTM,8,3,2021,24,3,2021,Midlands,type28_death_inc_line,EpiNow,MTP,Cases,2.0,13,All,5,7,8,9,10,10,11,12,13,13,14,15,16,17,18,19.200000000000045,21,23,27
LSHTM,8,3,2021,25,3,2021,Midlands,type28_death_inc_line,EpiNow,MTP,Cases,2.0,15,All,6,7,9,10,10,11,12,13,14,15,15,16,17,18,19,20,22,24,28
LSHTM,8,3,2021,26,3,2021,Midlands,type28_death_inc_line,EpiNow,MTP,Cases,2.0,11,All,4,6,6,7,8,9,9,10,11,11,12,13,14,15,16,17,19,21,24
LSHTM,8,3,2021,27,3,2021,Midlands,type28_death_inc_line,EpiNow,MTP,Cases,2.0,12,All,4,5,6,7,8,9,9,10,11,12,12,13,14,15,16,17,19,21,25
LSHTM,8,3,2021,28,3,2021,Midlands,type28_death_inc_line,EpiNow,MTP,Cases,2.0,11,All,3,5,6,7,8,8,9,10,11,11,12,13,14,15,16,17,18,21,24
LSHTM,8,3,2021,29,3,2021,Midlands,type28_death_inc_line,EpiNow,MTP,Cases,2.0,11,All,4,5,6,7,7,8,9,10,10,11,12,13,13,14,16,17,19,21,26
LSHTM,8,3,2021,30,3,2021,Midlands,type28_death_inc_line,EpiNow,MTP,Cases,2.0,9,All,3,4,5,5,6,7,7,8,9,9,10,11,12,13,14,15,17,19,23
LSHTM,8,3,2021,31,3,2021,Midlands,type28_death_inc_line,EpiNow,MTP,Cases,2.0,8,All,2,3,4,4,5,5,6,6,7,8,8,9,10,11,12,13.200000000000045,15,17,20.049999999999955
LSHTM,8,3,2021,1,4,2021,Midlands,type28_death_inc_line,EpiNow,MTP,Cases,2.0,8,All,2,3,4,4,5,6,6,7,8,8,9,10,11,11,13,14,15,18,21
LSHTM,8,3,2021,2,4,2021,Midlands,type28_death_inc_line,EpiNow,MTP,Cases,2.0,6,All,1,2,3,3,4,4,5,5,6,6,7,8,8,9,10,11,13,14,17.049999999999955
LSHTM,8,3,2021,3,4,2021,Midlands,type28_death_inc_line,EpiNow,MTP,Cases,2.0,7,All,1,2,3,3,4,4,5,5,6,7,7,8,9,9.299999999999955,11,12,13,16,20
LSHTM,8,3,2021,4,4,2021,Midlands,type28_death_inc_line,EpiNow,MTP,Cases,2.0,6,All,1,2,2,3,3,4,4,5,5,6,7,7,8,9,10,11,13,15,20
LSHTM,8,3,2021,5,4,2021,Midlands,type28_death_inc_line,EpiNow,MTP,Cases,2.0,6,All,1,2,3,3,4,4,5,5,6,6,7,8,9,9,11,12,13,16,21
LSHTM,8,3,2021,6,4,2021,Midlands,type28_death_inc_line,EpiNow,MTP,Cases,2.0,5,All,1,1,2,2,3,3,4,4,5,5,6,7,7,8,9,10.200000000000045,12,14,19
LSHTM,8,3,2021,7,4,2021,Midlands,type28_death_inc_line,EpiNow,MTP,Cases,2.0,4,All,0,1,1,2,2,3,3,3,4,4,5,5,6,7,7.25,9,10,12,17
LSHTM,8,3,2021,8,4,2021,Midlands,type28_death_inc_line,EpiNow,MTP,Cases,2.0,4,All,0,1,1,2,2,3,3,4,4,4,5,6,7,7,8,10,11,14,18
LSHTM,8,3,2021,9,4,2021,Midlands,type28_death_inc_line,EpiNow,MTP,Cases,2.0,4,All,0,1,1,1,2,2,2,3,3,4,4,5,5,6,7,8,9,11,15
LSHTM,8,3,2021,10,4,2021,Midlands,type28_death_inc_line,EpiNow,MTP,Cases,2.0,4,All,0,1,1,1,2,2,2,3,3,4,4,5,5,6,7,8,9,11,16
LSHTM,8,3,2021,11,4,2021,Midlands,type28_death_inc_line,EpiNow,MTP,Cases,2.0,3.5,All,0,1,1,1,2,2,2,3,3,3.5,4,5,5,6,7,8,9,11,16
LSHTM,8,3,2021,12,4,2021,Midlands,type28_death_inc_line,EpiNow,MTP,Cases,2.0,3,All,0,0.9000000000000057,1,1,1,2,2,2,3,3,4,4,5,6,7,8,10,12,18
LSHTM,8,3,2021,13,4,2021,Midlands,type28_death_inc_line,EpiNow,MTP,Cases,2.0,3,All,0,0,1,1,1,2,2,2,3,3,4,4,5,5,6,7,9,12,16
LSHTM,8,3,2021,14,4,2021,Midlands,type28_death_inc_line,EpiNow,MTP,Cases,2.0,2,All,0,0,0,1,1,1,2,2,2,2,3,3,4,4,5,6,8,10,14
LSHTM,8,3,2021,15,4,2021,Midlands,type28_death_inc_line,EpiNow,MTP,Cases,2.0,2,All,0,0,0,1,1,1,1,2,2,2,3,3,4,5,5,6,8,10,16
LSHTM,8,3,2021,16,4,2021,Midlands,type28_death_inc_line,EpiNow,MTP,Cases,2.0,2,All,0,0,0,0,1,1,1,1,2,2,2,3,3,4,5,6,7,9,14
LSHTM,8,3,2021,17,4,2021,Midlands,type28_death_inc_line,EpiNow,MTP,Cases,2.0,2,All,0,0,0,0,1,1,1,1,2,2,2,3,3,4,4,5,7,9,15
LSHTM,8,3,2021,18,4,2021,Midlands,type28_death_inc_line,EpiNow,MTP,Cases,2.0,2,All,0,0,0,0,1,1,1,1,2,2,2,3,3,4,4,5,7,9,16
LSHTM,8,3,2021,19,4,2021,Midlands,type28_death_inc_line,EpiNow,MTP,Cases,2.0,2,All,0,0,0,0,1,1,1,1,2,2,2,3,3,4,4,5,7,10,15
LSHTM,8,3,2021,20,4,2021,Midlands,type28_death_inc_line,EpiNow,MTP,Cases,2.0,2,All,0,0,0,0,0,1,1,1,1,2,2,2,3,3,4,5,7,9,14
LSHTM,8,3,2021,21,4,2021,Midlands,type28_death_inc_line,EpiNow,MTP,Cases,2.0,1,All,0,0,0,0,0,0,1,1,1,1,2,2,2,3,3,4,6,8,12
LSHTM,8,3,2021,22,4,2021,Midlands,type28_death_inc_line,EpiNow,MTP,Cases,2.0,1,All,0,0,0,0,0,0,1,1,1,1,2,2,2,3,4,5,6,8,13
LSHTM,8,3,2021,23,4,2021,Midlands,type28_death_inc_line,EpiNow,MTP,Cases,2.0,1,All,0,0,0,0,0,0,1,1,1,1,1,2,2,2,3,4,5,6,11.049999999999955
LSHTM,8,3,2021,24,4,2021,Midlands,type28_death_inc_line,EpiNow,MTP,Cases,2.0,1,All,0,0,0,0,0,0,0,1,1,1,1,2,2,3,3,4,5,7,13
LSHTM,8,3,2021,25,4,2021,Midlands,type28_death_inc_line,EpiNow,MTP,Cases,2.0,1,All,0,0,0,0,0,0,0,1,1,1,1,2,2,3,3,4,5,7,12
LSHTM,8,3,2021,26,4,2021,Midlands,type28_death_inc_line,EpiNow,MTP,Cases,2.0,1,All,0,0,0,0,0,0,1,1,1,1,1,2,2,2,3,4,5,7,13
LSHTM,8,3,2021,8,3,2021,North East and Yorkshire,type28_death_inc_line,EpiNow,MTP,Cases,2.0,28,All,14,16,19,20,22,23,25,26,27,28,29,31,32,33.299999999999955,36,38,41,44,50
LSHTM,8,3,2021,9,3,2021,North East and Yorkshire,type28_death_inc_line,EpiNow,MTP,Cases,2.0,24,All,11,14,16,18,19,20,21,22,23,24,25,26.399999999999977,28,29,31,33,35,39,45
LSHTM,8,3,2021,10,3,2021,North East and Yorkshire,type28_death_inc_line,EpiNow,MTP,Cases,2.0,26,All,14,16,18,19,20,21,22,23,25,26,27,28,29,31,33,35,38,41,45
LSHTM,8,3,2021,11,3,2021,North East and Yorkshire,type28_death_inc_line,EpiNow,MTP,Cases,2.0,28,All,14,17,19,20,22,23,24,25,27,28,29,30,32,33,36,37,40,44,48
LSHTM,8,3,2021,12,3,2021,North East and Yorkshire,type28_death_inc_line,EpiNow,MTP,Cases,2.0,26,All,13,16,17,18,20,21,22,23,25,26,27,28,30,32,34,36,38,43,48
LSHTM,8,3,2021,13,3,2021,North East and Yorkshire,type28_death_inc_line,EpiNow,MTP,Cases,2.0,25,All,12,14,16,17,18,20,21,22,24,25,26,27,29,30,32,34,36,39,44
LSHTM,8,3,2021,14,3,2021,North East and Yorkshire,type28_death_inc_line,EpiNow,MTP,Cases,2.0,25,All,12,15,16,18,20,21,22,23,24,25,27,28,30,31,33,34,36,39,44
LSHTM,8,3,2021,15,3,2021,North East and Yorkshire,type28_death_inc_line,EpiNow,MTP,Cases,2.0,23,All,10,12.900000000000006,14,16,17,19,20,21,22,23,24,25,26,28,29,31,34,37.10000000000002,41
LSHTM,8,3,2021,16,3,2021,North East and Yorkshire,type28_death_inc_line,EpiNow,MTP,Cases,2.0,20,All,9,11,13,14,15,16,17,18,19,20,21,21,22,24,25,27,29,31,35
LSHTM,8,3,2021,17,3,2021,North East and Yorkshire,type28_death_inc_line,EpiNow,MTP,Cases,2.0,21,All,9,12,14,15,16,17,18,19,20,21,22,23,24,26,27,29,31,32.10000000000002,37
LSHTM,8,3,2021,18,3,2021,North East and Yorkshire,type28_death_inc_line,EpiNow,MTP,Cases,2.0,22,All,10,12,14,15,16,17,19,20,21,22,23,24,26,27,29,30,32,35,40
LSHTM,8,3,2021,19,3,2021,North East and Yorkshire,type28_death_inc_line,EpiNow,MTP,Cases,2.0,21,All,8.950000000000003,12,13,15,16,17,18,19,20,21,22,24,25,26,28,30,32,35,40
LSHTM,8,3,2021,20,3,2021,North East and Yorkshire,type28_death_inc_line,EpiNow,MTP,Cases,2.0,19,All,9,11,12,13,14,15,16,17,18,19,20,21,22,24,25,27,29,32,37
LSHTM,8,3,2021,21,3,2021,North East and Yorkshire,type28_death_inc_line,EpiNow,MTP,Cases,2.0,21,All,9,11,12.849999999999994,14,15,16,17,18,19.55000000000001,21,21,22,24,25,26,28,31,33,39
LSHTM,8,3,2021,22,3,2021,North East and Yorkshire,type28_death_inc_line,EpiNow,MTP,Cases,2.0,18,All,8,9,11,12,13,14,15,16,17,18,19,20,21,23,24,25.200000000000045,28,32,38
LSHTM,8,3,2021,23,3,2021,North East and Yorkshire,type28_death_inc_line,EpiNow,MTP,Cases,2.0,16,All,6,8,9,10,11,12,13,14,15,16,16,18,19,20,21,22,24,27,31.049999999999955
LSHTM,8,3,2021,24,3,2021,North East and Yorkshire,type28_death_inc_line,EpiNow,MTP,Cases,2.0,17,All,6.950000000000003,9,10,11,12,13,14,15,16,17,18,19,20,21,23,25,27.149999999999977,30,36.049999999999955
LSHTM,8,3,2021,25,3,2021,North East and Yorkshire,type28_death_inc_line,EpiNow,MTP,Cases,2.0,18,All,7,8,10,11,12,13,15,16,17,18,19,20,21,22,23,25,28,32,37
LSHTM,8,3,2021,26,3,2021,North East and Yorkshire,type28_death_inc_line,EpiNow,MTP,Cases,2.0,16,All,6,8,9,10,11,12,13,14,15,16,17,18,20,21,22,25,27,30,36
LSHTM,8,3,2021,27,3,2021,North East and Yorkshire,type28_death_inc_line,EpiNow,MTP,Cases,2.0,15,All,6,7.900000000000006,9,9,10,11,12,13,14,15,16,17,18,19,21,23,25,28,33
LSHTM,8,3,2021,28,3,2021,North East and Yorkshire,type28_death_inc_line,EpiNow,MTP,Cases,2.0,16,All,5,7,9,10,11,12,13,14,15,16,17,18,19,20,22,24,27,30,37.049999999999955
LSHTM,8,3,2021,29,3,2021,North East and Yorkshire,type28_death_inc_line,EpiNow,MTP,Cases,2.0,14,All,4,6,7,9,9,10,11,12,13,14,15,16,17,18,20,22,24,27,35.049999999999955
LSHTM,8,3,2021,30,3,2021,North East and Yorkshire,type28_death_inc_line,EpiNow,MTP,Cases,2.0,12,All,4,5,6,7,8,9,9,10,11,12,12,14,15,16,17,19,21,24,30
LSHTM,8,3,2021,31,3,2021,North East and Yorkshire,type28_death_inc_line,EpiNow,MTP,Cases,2.0,13,All,4,5,6,8,8,9,10,11,12,13,14,15,16,18,19,20,23,26,33.049999999999955
LSHTM,8,3,2021,1,4,2021,North East and Yorkshire,type28_death_inc_line,EpiNow,MTP,Cases,2.0,13,All,4,5.900000000000006,7,8,9,10,10,11.600000000000023,12,13,15,16,17,18.299999999999955,20,23,25.149999999999977,30,37
LSHTM,8,3,2021,2,4,2021,North East and Yorkshire,type28_death_inc_line,EpiNow,MTP,Cases,2.0,13,All,4,5,6.849999999999994,7,8,9,10,11,12,13,14,15,16.350000000000023,18,20,22,25,30,37
LSHTM,8,3,2021,3,4,2021,North East and Yorkshire,type28_death_inc_line,EpiNow,MTP,Cases,2.0,12,All,3,5,6,7,7,8,9,10,11,12,13,14,15,16,18,21,23,27,34
LSHTM,8,3,2021,4,4,2021,North East and Yorkshire,type28_death_inc_line,EpiNow,MTP,Cases,2.0,12,All,3,5,6,7,8,9,10,10,11,12,13,15,16,17,19,21,24,29,39
LSHTM,8,3,2021,5,4,2021,North East and Yorkshire,type28_death_inc_line,EpiNow,MTP,Cases,2.0,11,All,2,3.9000000000000057,5,5,6,7,8,9,10,11,12,13,14,16,17,20,23,27,35
LSHTM,8,3,2021,6,4,2021,North East and Yorkshire,type28_death_inc_line,EpiNow,MTP,Cases,2.0,9,All,2,3,4,5,6,6,7,8,8,9,10,11,12,13,15,17,20,23.100000000000023,32
LSHTM,8,3,2021,7,4,2021,North East and Yorkshire,type28_death_inc_line,EpiNow,MTP,Cases,2.0,9,All,2,3,4,5,5,6,7,8,9,9,10,12,13,14,17,19,21,25,34
LSHTM,8,3,2021,8,4,2021,North East and Yorkshire,type28_death_inc_line,EpiNow,MTP,Cases,2.0,11,All,2,3,4,5,6,7,8,9,10,11,12,13,14,16,17.25,20,23,28,37
LSHTM,8,3,2021,9,4,2021,North East and Yorkshire,type28_death_inc_line,EpiNow,MTP,Cases,2.0,10,All,2,3,3,4,5,6,7,8,9,10,11,12,14,15,17,19,22,28,38
LSHTM,8,3,2021,10,4,2021,North East and Yorkshire,type28_death_inc_line,EpiNow,MTP,Cases,2.0,10,All,1,3,4,4,5,6,7,7,8,10,11,12,13,14,16,18,21,26,36
LSHTM,8,3,2021,11,4,2021,North East and Yorkshire,type28_death_inc_line,EpiNow,MTP,Cases,2.0,9,All,2,3,3,4,5,6,7,8,8,9,10,12,14,15,17,19,22,28,44
LSHTM,8,3,2021,12,4,2021,North East and Yorkshire,type28_death_inc_line,EpiNow,MTP,Cases,2.0,8,All,1,2,3,4,4,5,6,6,7,8,9,10,12,13,14,17,20,27,38
LSHTM,8,3,2021,13,4,2021,North East and Yorkshire,type28_death_inc_line,EpiNow,MTP,Cases,2.0,7,All,1,2,2,3,4,4,5,6,6,7,8,9,10,11,13,15,18.149999999999977,23,33
LSHTM,8,3,2021,14,4,2021,North East and Yorkshire,type28_death_inc_line,EpiNow,MTP,Cases,2.0,8,All,1,2,2,3,4,4,5,6,7,8,9,10,11,12,14,15,19,25,34
LSHTM,8,3,2021,15,4,2021,North East and Yorkshire,type28_death_inc_line,EpiNow,MTP,Cases,2.0,8,All,1,2,2,3,4,5,5,6,7,8,9,10,11,13,14.25,18,21,27,40
LSHTM,8,3,2021,16,4,2021,North East and Yorkshire,type28_death_inc_line,EpiNow,MTP,Cases,2.0,8,All,1,1.9000000000000057,2,3,4,4,5,6,7,8,9,10,11,13,14,17,21,27,39.049999999999955
LSHTM,8,3,2021,17,4,2021,North East and Yorkshire,type28_death_inc_line,EpiNow,MTP,Cases,2.0,7,All,1,1,2,3,3,4,5,5,6,7,8,9,10,12,14,16,19,25,39
LSHTM,8,3,2021,18,4,2021,North East and Yorkshire,type28_death_inc_line,EpiNow,MTP,Cases,2.0,7,All,1,1,2,3,3,4,5,5,6,7,8,9,10,12,14,17,20,26,41
LSHTM,8,3,2021,19,4,2021,North East and Yorkshire,type28_death_inc_line,EpiNow,MTP,Cases,2.0,7,All,0,1,2,2,3,3,4,5,6,7,7,8,9,11,12.25,15,18,23.100000000000023,39
LSHTM,8,3,2021,20,4,2021,North East and Yorkshire,type28_death_inc_line,EpiNow,MTP,Cases,2.0,6,All,0,1,1,2,2,3,3,4,5,6,7,8,9,10,12,14,17.149999999999977,22,35
LSHTM,8,3,2021,21,4,2021,North East and Yorkshire,type28_death_inc_line,EpiNow,MTP,Cases,2.0,6,All,0,1,1,2,3,3,4,5,5,6,7,8,9,10,12,15,18,24,39
LSHTM,8,3,2021,22,4,2021,North East and Yorkshire,type28_death_inc_line,EpiNow,MTP,Cases,2.0,6,All,0,1,2,2,3,3,4,5,5,6,7,8,9,11,13,16,20,28.100000000000023,42.049999999999955
LSHTM,8,3,2021,23,4,2021,North East and Yorkshire,type28_death_inc_line,EpiNow,MTP,Cases,2.0,6,All,0,1,1,2,2,3,3.6499999999999773,4,5,6,7,8,9,10,12,14,18,23,37.049999999999955
LSHTM,8,3,2021,24,4,2021,North East and Yorkshire,type28_death_inc_line,EpiNow,MTP,Cases,2.0,6,All,0,1,1,2,2,3,3,4,5,6,6,7,9,10,12,14,18,24.100000000000023,35.09999999999991
LSHTM,8,3,2021,25,4,2021,North East and Yorkshire,type28_death_inc_line,EpiNow,MTP,Cases,2.0,6,All,0,1,1,2,2,3,3,4,5,6,6,7,9,10,11,14,19,25.100000000000023,44.09999999999991
LSHTM,8,3,2021,26,4,2021,North East and Yorkshire,type28_death_inc_line,EpiNow,MTP,Cases,2.0,5,All,0,0,1,1,2,2,3,3.6000000000000227,4,5,5,6,7,9,11,14,17,25,43.049999999999955
LSHTM,8,3,2021,8,3,2021,North West,type28_death_inc_line,EpiNow,MTP,Cases,2.0,23,All,10,12,14,16,17,18,20,21,22,23,25,26,27,29,31,33,36,40,45.049999999999955
LSHTM,8,3,2021,9,3,2021,North West,type28_death_inc_line,EpiNow,MTP,Cases,2.0,21,All,9,11,13,14,15,16,17,18,19,21,22,23,24,26,28,30,32,35.10000000000002,41
LSHTM,8,3,2021,10,3,2021,North West,type28_death_inc_line,EpiNow,MTP,Cases,2.0,22,All,10,12.900000000000006,14,15,16,17,18,20,21,22,23,24,26,27,28,30,32,36,42
LSHTM,8,3,2021,11,3,2021,North West,type28_death_inc_line,EpiNow,MTP,Cases,2.0,22,All,8,11,13,14,16,17,18,19,20,22,23,24,25,26.299999999999955,28,30,32,36.10000000000002,42.049999999999955
LSHTM,8,3,2021,12,3,2021,North West,type28_death_inc_line,EpiNow,MTP,Cases,2.0,20,All,8,11,12,13,14,15,16,17,18,20,21,22,23,24,26,28,30,33,38
LSHTM,8,3,2021,13,3,2021,North West,type28_death_inc_line,EpiNow,MTP,Cases,2.0,16,All,6,8,10,11,12,13,13,14,15,16,17,18,19,20,22,23,25,28,33
LSHTM,8,3,2021,14,3,2021,North West,type28_death_inc_line,EpiNow,MTP,Cases,2.0,17,All,6.950000000000003,8,10,11,12,14,14.649999999999977,15,16,17,18,19,21,22,24,25.200000000000045,28,31,35.049999999999955
LSHTM,8,3,2021,15,3,2021,North West,type28_death_inc_line,EpiNow,MTP,Cases,2.0,16,All,6,7.900000000000006,9,10,11,11,12,14,14.550000000000011,16,17,18,18,19.299999999999955,21,22,24,26,31
LSHTM,8,3,2021,16,3,2021,North West,type28_death_inc_line,EpiNow,MTP,Cases,2.0,14,All,5,7,8,9,10,11,12,13,13,14,15,16,17,18,19,20,22,25,28
LSHTM,8,3,2021,17,3,2021,North West,type28_death_inc_line,EpiNow,MTP,Cases,2.0,14,All,5,7,8,9,10,11,12,13,13.550000000000011,14,15,16,17,18,19,21,22,25,29.049999999999955
LSHTM,8,3,2021,18,3,2021,North West,type28_death_inc_line,EpiNow,MTP,Cases,2.0,14,All,5,7,8,9,9,10,11,12,13,14,14.450000000000045,16,17,18,19,20,22,25,29
LSHTM,8,3,2021,19,3,2021,North West,type28_death_inc_line,EpiNow,MTP,Cases,2.0,13,All,4,6,7,8,9,10,11,11,12,13,14,15,16,17,18,19,21,24,29
LSHTM,8,3,2021,20,3,2021,North West,type28_death_inc_line,EpiNow,MTP,Cases,2.0,10,All,3,5,6,6,7,8,8,9,10,10,11,12,13,14,15,16,18,19,22
LSHTM,8,3,2021,21,3,2021,North West,type28_death_inc_line,EpiNow,MTP,Cases,2.0,12,All,4,5,6,7,8,9,9,10,11,12,12.450000000000045,13,14,15,16,17,20,22,26.049999999999955
LSHTM,8,3,2021,22,3,2021,North West,type28_death_inc_line,EpiNow,MTP,Cases,2.0,10,All,3,4,5,5,6,7,8,9,9,10,11,12,13,13,14,15,17,19,23
LSHTM,8,3,2021,23,3,2021,North West,type28_death_inc_line,EpiNow,MTP,Cases,2.0,9,All,2,4,4,5,6,7,7,8,8,9,10,11,11,12,14,15,16,19,23
LSHTM,8,3,2021,24,3,2021,North West,type28_death_inc_line,EpiNow,MTP,Cases,2.0,9,All,2,3,4,5,6,7,7,8,8,9,10,10,11,12,13,15,17,19,23
LSHTM,8,3,2021,25,3,2021,North West,type28_death_inc_line,EpiNow,MTP,Cases,2.0,9,All,2,3,4,5,5,6,7,7,8,9,10,10,11,12,13,14,16,19,24
LSHTM,8,3,2021,26,3,2021,North West,type28_death_inc_line,EpiNow,MTP,Cases,2.0,8,All,2,3,3,4,5,5,6,7,7,8,9,9,10,11,12,14,15,18,22
LSHTM,8,3,2021,27,3,2021,North West,type28_death_inc_line,EpiNow,MTP,Cases,2.0,6,All,2,2,3,3,4,4,5,5,6,6,7,8,9,9,10,11,13,15.100000000000023,19.049999999999955
LSHTM,8,3,2021,28,3,2021,North West,type28_death_inc_line,EpiNow,MTP,Cases,2.0,7,All,2,2,3,3,4,5,5,6,6,7,7,8,9,10,11,12,15,18,24.049999999999955
LSHTM,8,3,2021,29,3,2021,North West,type28_death_inc_line,EpiNow,MTP,Cases,2.0,6,All,1,1.9000000000000057,2,3,3,4,4,5,6,6,7,7,8,9,10,11,13,16,20.049999999999955
LSHTM,8,3,2021,30,3,2021,North West,type28_death_inc_line,EpiNow,MTP,Cases,2.0,6,All,1,2,2,2,3,4,4,5,5,6,6,7,8,8,9,11,12,15,19
LSHTM,8,3,2021,31,3,2021,North West,type28_death_inc_line,EpiNow,MTP,Cases,2.0,6,All,1,1,2,3,3,4,4,4,5,6,6,7,8,8,9,10,12,14.100000000000023,20
LSHTM,8,3,2021,1,4,2021,North West,type28_death_inc_line,EpiNow,MTP,Cases,2.0,5,All,0,1,2,2,3,3,3,4,5,5,6,6,7,8,9,10,12,16,24.049999999999955
LSHTM,8,3,2021,2,4,2021,North West,type28_death_inc_line,EpiNow,MTP,Cases,2.0,5,All,0,1,1,2,2,3,3,4,4,5,5,6,7,8,9,10,13,16,22
LSHTM,8,3,2021,3,4,2021,North West,type28_death_inc_line,EpiNow,MTP,Cases,2.0,4,All,0,1,1,2,2,2,3,3,3,4,5,5,6,7,8,9,10,13,18
LSHTM,8,3,2021,4,4,2021,North West,type28_death_inc_line,EpiNow,MTP,Cases,2.0,4,All,0,1,1,2,2,2,3,3,4,4,5,5,6,7,8,10,11,14,22.049999999999955
LSHTM,8,3,2021,5,4,2021,North West,type28_death_inc_line,EpiNow,MTP,Cases,2.0,4,All,0,1,1,1,2,2,2,3,3,4,4,5,6,6,7,8,10,13,21
LSHTM,8,3,2021,6,4,2021,North West,type28_death_inc_line,EpiNow,MTP,Cases,2.0,3,All,0,0,1,1,1,2,2,2,3,3,4,4,5,6,7,9,10,13,19
LSHTM,8,3,2021,7,4,2021,North West,type28_death_inc_line,EpiNow,MTP,Cases,2.0,3,All,0,0,1,1,1,2,2,2.6000000000000227,3,3,4,5,5,6,7,9,10,13,19
LSHTM,8,3,2021,8,4,2021,North West,type28_death_inc_line,EpiNow,MTP,Cases,2.0,3,All,0,0,1,1,1,2,2,2,3,3,4,4,5,6,7,8,10,13,20
LSHTM,8,3,2021,9,4,2021,North West,type28_death_inc_line,EpiNow,MTP,Cases,2.0,3,All,0,0,0,1,1,1,2,2,2,3,3,4,5,5,6,8,9,13,22
LSHTM,8,3,2021,10,4,2021,North West,type28_death_inc_line,EpiNow,MTP,Cases,2.0,2,All,0,0,0,1,1,1,1,2,2,2,3,3,4,4,5,7,8,12,18
LSHTM,8,3,2021,11,4,2021,North West,type28_death_inc_line,EpiNow,MTP,Cases,2.0,2,All,0,0,0,0,1,1,1,2,2,2,3,3,4,4,6,7,9,13,25
LSHTM,8,3,2021,12,4,2021,North West,type28_death_inc_line,EpiNow,MTP,Cases,2.0,2,All,0,0,0,0,1,1,1,2,2,2,3,3,4,4,5,6,8,12,19.049999999999955
LSHTM,8,3,2021,13,4,2021,North West,type28_death_inc_line,EpiNow,MTP,Cases,2.0,2,All,0,0,0,0,1,1,1,1,2,2,2,3,3,4,5,6,8,11.100000000000023,19
LSHTM,8,3,2021,14,4,2021,North West,type28_death_inc_line,EpiNow,MTP,Cases,2.0,2,All,0,0,0,0,1,1,1,1,2,2,2,3,3,4,5,6,8,12,23
LSHTM,8,3,2021,15,4,2021,North West,type28_death_inc_line,EpiNow,MTP,Cases,2.0,2,All,0,0,0,0,1,1,1,1,1,2,2,3,3,4,5,6,9,12,21
LSHTM,8,3,2021,16,4,2021,North West,type28_death_inc_line,EpiNow,MTP,Cases,2.0,2,All,0,0,0,0,0,1,1,1,1,2,2,3,3,4,5,6,8,12,20.049999999999955
LSHTM,8,3,2021,17,4,2021,North West,type28_death_inc_line,EpiNow,MTP,Cases,2.0,1,All,0,0,0,0,0,0,1,1,1,1,2,2,3,3,4,5,7,10,19
LSHTM,8,3,2021,18,4,2021,North West,type28_death_inc_line,EpiNow,MTP,Cases,2.0,1,All,0,0,0,0,0,0,1,1,1,1,2,2,3,4,4,6,8,11,23
LSHTM,8,3,2021,19,4,2021,North West,type28_death_inc_line,EpiNow,MTP,Cases,2.0,1,All,0,0,0,0,0,0,1,1,1,1,2,2,2,3,4,5,6,10,19.049999999999955
LSHTM,8,3,2021,20,4,2021,North West,type28_death_inc_line,EpiNow,MTP,Cases,2.0,1,All,0,0,0,0,0,0,0,1,1,1,1,2,2,3,4,5,6,10.100000000000023,20.049999999999955
LSHTM,8,3,2021,21,4,2021,North West,type28_death_inc_line,EpiNow,MTP,Cases,2.0,1,All,0,0,0,0,0,0,0,1,1,1,1,2,2,3,4,5,7,10,22.049999999999955
LSHTM,8,3,2021,22,4,2021,North West,type28_death_inc_line,EpiNow,MTP,Cases,2.0,1,All,0,0,0,0,0,0,0,1,1,1,1,2,2,3,3,5,7,10.100000000000023,21
LSHTM,8,3,2021,23,4,2021,North West,type28_death_inc_line,EpiNow,MTP,Cases,2.0,1,All,0,0,0,0,0,0,0,0,1,1,1,2,2,3,3,4,6,10,20.049999999999955
LSHTM,8,3,2021,24,4,2021,North West,type28_death_inc_line,EpiNow,MTP,Cases,2.0,1,All,0,0,0,0,0,0,0,0,1,1,1,1,2,2,3,4,6,9,20
LSHTM,8,3,2021,25,4,2021,North West,type28_death_inc_line,EpiNow,MTP,Cases,2.0,1,All,0,0,0,0,0,0,0,0,1,1,1,1,2,2,3,4,6.149999999999977,10,24.049999999999955
LSHTM,8,3,2021,26,4,2021,North West,type28_death_inc_line,EpiNow,MTP,Cases,2.0,1,All,0,0,0,0,0,0,0,0,1,1,1,1,2,2,3,4,5,9,21
LSHTM,8,3,2021,8,3,2021,Northern Ireland,type28_death_inc_line,EpiNow,MTP,Cases,2.0,2,All,0,0,1,1,1,1,2,2,2,2,2,3,3,3,4,4,5,5,6
LSHTM,8,3,2021,9,3,2021,Northern Ireland,type28_death_inc_line,EpiNow,MTP,Cases,2.0,2,All,0,0,1,1,1,1,2,2,2,2,3,3,3,4,4,4,5,6,7
LSHTM,8,3,2021,10,3,2021,Northern Ireland,type28_death_inc_line,EpiNow,MTP,Cases,2.0,2,All,0,0,1,1,1,2,2,2,2,2,3,3,3,4,4,4,5,6,7
LSHTM,8,3,2021,11,3,2021,Northern Ireland,type28_death_inc_line,EpiNow,MTP,Cases,2.0,3,All,0,1,1,1,2,2,2,3,3,3,3,4,4,4,5,5,6,7,9
LSHTM,8,3,2021,12,3,2021,Northern Ireland,type28_death_inc_line,EpiNow,MTP,Cases,2.0,2,All,0,0,0,1,1,1,1,1,2,2,2,2,3,3,3,4,4,5,6
LSHTM,8,3,2021,13,3,2021,Northern Ireland,type28_death_inc_line,EpiNow,MTP,Cases,2.0,2,All,0,0,1,1,1,2,2,2,2,2,3,3,3,4,4,4,5,6,6.0499999999999545
LSHTM,8,3,2021,14,3,2021,Northern Ireland,type28_death_inc_line,EpiNow,MTP,Cases,2.0,2,All,0,0,0,1,1,1,1,1,2,2,2,2,2,3,3,4,4,5,6
LSHTM,8,3,2021,15,3,2021,Northern Ireland,type28_death_inc_line,EpiNow,MTP,Cases,2.0,2,All,0,0,0,1,1,1,1,1,2,2,2,2,3,3,3,4,4,5,6
LSHTM,8,3,2021,16,3,2021,Northern Ireland,type28_death_inc_line,EpiNow,MTP,Cases,2.0,2,All,0,0,0,1,1,1,1,2,2,2,2,2,3,3,3,4,4,5,6
LSHTM,8,3,2021,17,3,2021,Northern Ireland,type28_death_inc_line,EpiNow,MTP,Cases,2.0,2,All,0,0,0,1,1,1,1,2,2,2,2,2,3,3,3,4,4,5,6
LSHTM,8,3,2021,18,3,2021,Northern Ireland,type28_death_inc_line,EpiNow,MTP,Cases,2.0,3,All,0,1,1,1,1,1,2,2,2,3,3,3,4,4,4,5,5,6,7
LSHTM,8,3,2021,19,3,2021,Northern Ireland,type28_death_inc_line,EpiNow,MTP,Cases,2.0,2,All,0,0,0,1,1,1,1,1,1,2,2,2,2,3,3,3,4,5,6
LSHTM,8,3,2021,20,3,2021,Northern Ireland,type28_death_inc_line,EpiNow,MTP,Cases,2.0,2,All,0,0,1,1,1,1,1,2,2,2,2,2,3,3,3,4,4,5,6
LSHTM,8,3,2021,21,3,2021,Northern Ireland,type28_death_inc_line,EpiNow,MTP,Cases,2.0,2,All,0,0,0,1,1,1,1,1,1,2,2,2,2,3,3,3,4,5,6
LSHTM,8,3,2021,22,3,2021,Northern Ireland,type28_death_inc_line,EpiNow,MTP,Cases,2.0,2,All,0,0,0,0,1,1,1,1,1,2,2,2,2,2,3,3,4,4,6
LSHTM,8,3,2021,23,3,2021,Northern Ireland,type28_death_inc_line,EpiNow,MTP,Cases,2.0,2,All,0,0,0,0,1,1,1,1,1,2,2,2,2,3,3,3,4,5,6
LSHTM,8,3,2021,24,3,2021,Northern Ireland,type28_death_inc_line,EpiNow,MTP,Cases,2.0,2,All,0,0,0,0,1,1,1,1,1,2,2,2,2,3,3,3,4,5,7
LSHTM,8,3,2021,25,3,2021,Northern Ireland,type28_death_inc_line,EpiNow,MTP,Cases,2.0,2,All,0,0,0,1,1,1,1,1,2,2,2,3,3,3,4,4,5,6,8
LSHTM,8,3,2021,26,3,2021,Northern Ireland,type28_death_inc_line,EpiNow,MTP,Cases,2.0,1,All,0,0,0,0,0,1,1,1,1,1,2,2,2,2,3,3,4,4,6
LSHTM,8,3,2021,27,3,2021,Northern Ireland,type28_death_inc_line,EpiNow,MTP,Cases,2.0,2,All,0,0,0,0,1,1,1,1,1,2,2,2,2,3,3,4,5,5,7.0499999999999545
LSHTM,8,3,2021,28,3,2021,Northern Ireland,type28_death_inc_line,EpiNow,MTP,Cases,2.0,1,All,0,0,0,0,0,0,1,1,1,1,1,2,2,2,2,3,3,4,6
LSHTM,8,3,2021,29,3,2021,Northern Ireland,type28_death_inc_line,EpiNow,MTP,Cases,2.0,1,All,0,0,0,0,0,0,1,1,1,1,1,2,2,2,3,3,4,5,7
LSHTM,8,3,2021,30,3,2021,Northern Ireland,type28_death_inc_line,EpiNow,MTP,Cases,2.0,1,All,0,0,0,0,0,1,1,1,1,1,2,2,2,3,3,3,4,6,8
LSHTM,8,3,2021,31,3,2021,Northern Ireland,type28_death_inc_line,EpiNow,MTP,Cases,2.0,1,All,0,0,0,0,0,1,1,1,1,1,2,2,2,2,3,3,4,5,8
LSHTM,8,3,2021,1,4,2021,Northern Ireland,type28_death_inc_line,EpiNow,MTP,Cases,2.0,2,All,0,0,0,0,1,1,1,1,1,2,2,2,3,3,4,4,5.149999999999977,7,11
LSHTM,8,3,2021,2,4,2021,Northern Ireland,type28_death_inc_line,EpiNow,MTP,Cases,2.0,1,All,0,0,0,0,0,0,0,1,1,1,1,1,2,2,2.25,3,4,5,8
LSHTM,8,3,2021,3,4,2021,Northern Ireland,type28_death_inc_line,EpiNow,MTP,Cases,2.0,1,All,0,0,0,0,0,0,1,1,1,1,1,2,2,3,3,4,4,6,9
LSHTM,8,3,2021,4,4,2021,Northern Ireland,type28_death_inc_line,EpiNow,MTP,Cases,2.0,1,All,0,0,0,0,0,0,0,1,1,1,1,1,2,2,2,3,4,5,9
LSHTM,8,3,2021,5,4,2021,Northern Ireland,type28_death_inc_line,EpiNow,MTP,Cases,2.0,1,All,0,0,0,0,0,0,0,1,1,1,1,1,2,2,2,3,4,5,9.049999999999955
LSHTM,8,3,2021,6,4,2021,Northern Ireland,type28_death_inc_line,EpiNow,MTP,Cases,2.0,1,All,0,0,0,0,0,0,0,1,1,1,1,1,2,2,3,3,4,6,10
LSHTM,8,3,2021,7,4,2021,Northern Ireland,type28_death_inc_line,EpiNow,MTP,Cases,2.0,1,All,0,0,0,0,0,0,0,1,1,1,1,1,2,2,3,4,4,6,10
LSHTM,8,3,2021,8,4,2021,Northern Ireland,type28_death_inc_line,EpiNow,MTP,Cases,2.0,1,All,0,0,0,0,0,0,1,1,1,1,2,2,2,3,3,4,6,8,15
LSHTM,8,3,2021,9,4,2021,Northern Ireland,type28_death_inc_line,EpiNow,MTP,Cases,2.0,1,All,0,0,0,0,0,0,0,0,1,1,1,1,2,2,2,3,4,6,10
LSHTM,8,3,2021,10,4,2021,Northern Ireland,type28_death_inc_line,EpiNow,MTP,Cases,2.0,1,All,0,0,0,0,0,0,0,1,1,1,1,2,2,2,3,4,5,7,15
LSHTM,8,3,2021,11,4,2021,Northern Ireland,type28_death_inc_line,EpiNow,MTP,Cases,2.0,1,All,0,0,0,0,0,0,0,0,1,1,1,1,2,2,2,3,4,6,9.049999999999955
LSHTM,8,3,2021,12,4,2021,Northern Ireland,type28_death_inc_line,EpiNow,MTP,Cases,2.0,1,All,0,0,0,0,0,0,0,0,0,1,1,1,1,2,3,3,4,6,11.049999999999955
LSHTM,8,3,2021,13,4,2021,Northern Ireland,type28_death_inc_line,EpiNow,MTP,Cases,2.0,1,All,0,0,0,0,0,0,0,0,1,1,1,1,2,2,3,3,5,7,14.049999999999955
LSHTM,8,3,2021,14,4,2021,Northern Ireland,type28_death_inc_line,EpiNow,MTP,Cases,2.0,1,All,0,0,0,0,0,0,0,0,1,1,1,1,2,2,3,3,4,8,17
LSHTM,8,3,2021,15,4,2021,Northern Ireland,type28_death_inc_line,EpiNow,MTP,Cases,2.0,1,All,0,0,0,0,0,0,0,1,1,1,1,2,2,3,3.25,4.2000000000000455,6,10,18.09999999999991
LSHTM,8,3,2021,16,4,2021,Northern Ireland,type28_death_inc_line,EpiNow,MTP,Cases,2.0,1,All,0,0,0,0,0,0,0,0,0,1,1,1,1,2,2,3,4.149999999999977,7,13
LSHTM,8,3,2021,17,4,2021,Northern Ireland,type28_death_inc_line,EpiNow,MTP,Cases,2.0,1,All,0,0,0,0,0,0,0,0,1,1,1,1,2,2,3,4,5,8,19
LSHTM,8,3,2021,18,4,2021,Northern Ireland,type28_death_inc_line,EpiNow,MTP,Cases,2.0,1,All,0,0,0,0,0,0,0,0,0,1,1,1,1,2,2,3,4,7,14
LSHTM,8,3,2021,19,4,2021,Northern Ireland,type28_death_inc_line,EpiNow,MTP,Cases,2.0,1,All,0,0,0,0,0,0,0,0,0,1,1,1,1,2,2,3,5,7,16.049999999999955
LSHTM,8,3,2021,20,4,2021,Northern Ireland,type28_death_inc_line,EpiNow,MTP,Cases,2.0,1,All,0,0,0,0,0,0,0,0,0,1,1,1,1,2,2,3,5,8,20
LSHTM,8,3,2021,21,4,2021,Northern Ireland,type28_death_inc_line,EpiNow,MTP,Cases,2.0,1,All,0,0,0,0,0,0,0,0,0,1,1,1,1,2,3,4,5,8,17.09999999999991
LSHTM,8,3,2021,22,4,2021,Northern Ireland,type28_death_inc_line,EpiNow,MTP,Cases,2.0,1,All,0,0,0,0,0,0,0,0,1,1,1,2,2,3,3,5,7,12,26
LSHTM,8,3,2021,23,4,2021,Northern Ireland,type28_death_inc_line,EpiNow,MTP,Cases,2.0,0,All,0,0,0,0,0,0,0,0,0,0,1,1,1,2,2,3,5,8,20.049999999999955
LSHTM,8,3,2021,24,4,2021,Northern Ireland,type28_death_inc_line,EpiNow,MTP,Cases,2.0,1,All,0,0,0,0,0,0,0,0,0,1,1,1,2,2,3,4,6,9,27
LSHTM,8,3,2021,25,4,2021,Northern Ireland,type28_death_inc_line,EpiNow,MTP,Cases,2.0,0,All,0,0,0,0,0,0,0,0,0,0,1,1,1,2,2,3,5,7,23.049999999999955
LSHTM,8,3,2021,26,4,2021,Northern Ireland,type28_death_inc_line,EpiNow,MTP,Cases,2.0,0,All,0,0,0,0,0,0,0,0,0,0,1,1,1,2,2,4,5,9,23.049999999999955
LSHTM,8,3,2021,8,3,2021,Scotland,type28_death_inc_line,EpiNow,MTP,Cases,2.0,13,All,5,7,8,9,9,10,11,11,12,13,14,14,15,16,17,18,19,21,24
LSHTM,8,3,2021,9,3,2021,Scotland,type28_death_inc_line,EpiNow,MTP,Cases,2.0,12,All,4,6,7,8,9,10,10,11,11,12,13,13.399999999999977,14,15,16,17,18,20,22
LSHTM,8,3,2021,10,3,2021,Scotland,type28_death_inc_line,EpiNow,MTP,Cases,2.0,11,All,4,6,7,7,8,8,9,10,10,11,12,12,13,13.299999999999955,14,15,17,18,20
LSHTM,8,3,2021,11,3,2021,Scotland,type28_death_inc_line,EpiNow,MTP,Cases,2.0,11,All,5,6,7,7,8,9,9,10,10,11,11,12,13,14,14,15,16,18,21
LSHTM,8,3,2021,12,3,2021,Scotland,type28_death_inc_line,EpiNow,MTP,Cases,2.0,13,All,6,7,8,9,10,10,11,12,12,13,14,14,15,16,17,18,20,22,25
LSHTM,8,3,2021,13,3,2021,Scotland,type28_death_inc_line,EpiNow,MTP,Cases,2.0,11,All,4,5,6,7,8,8,9,9,10,11,11,12,12,13,14,15,16,18,21
LSHTM,8,3,2021,14,3,2021,Scotland,type28_death_inc_line,EpiNow,MTP,Cases,2.0,8,All,3,4,5,5,6,6,7,7,8,8,9,9,10,11,11,12,13,15,18
LSHTM,8,3,2021,15,3,2021,Scotland,type28_death_inc_line,EpiNow,MTP,Cases,2.0,9,All,3,4,5,6,7,7,8,8,9,9,10,11,11,12,13,14,15,17,19
LSHTM,8,3,2021,16,3,2021,Scotland,type28_death_inc_line,EpiNow,MTP,Cases,2.0,9,All,3,4,5,5,6,7,7,8,8,9,9,10,10,11,12,13,14.149999999999977,16,19
LSHTM,8,3,2021,17,3,2021,Scotland,type28_death_inc_line,EpiNow,MTP,Cases,2.0,8,All,3,4,4,5,6,6,7,7,8,8,9,9,10,11,11,12,13,15,18
LSHTM,8,3,2021,18,3,2021,Scotland,type28_death_inc_line,EpiNow,MTP,Cases,2.0,8,All,3,4,4,5,5,6,7,7,7,8,9,9,10,11,12,12,14,15,18
LSHTM,8,3,2021,19,3,2021,Scotland,type28_death_inc_line,EpiNow,MTP,Cases,2.0,10,All,3,4,5,6,6,7,8,8,9,10,10,11,12,13,14,15,16,18.100000000000023,22
LSHTM,8,3,2021,20,3,2021,Scotland,type28_death_inc_line,EpiNow,MTP,Cases,2.0,7,All,2,3,4,4,5,5,6,6,7,7,8,8,9,10,11,12,13,15.100000000000023,20
LSHTM,8,3,2021,21,3,2021,Scotland,type28_death_inc_line,EpiNow,MTP,Cases,2.0,6,All,1,2,3,3,4,4,5,5,5,6,6,7,8,9,9,10,12,13,16
LSHTM,8,3,2021,22,3,2021,Scotland,type28_death_inc_line,EpiNow,MTP,Cases,2.0,8,All,2,3,4,4,5,5,6,6,7,8,8,9,9,10,11,12,13,15,19.049999999999955
LSHTM,8,3,2021,23,3,2021,Scotland,type28_death_inc_line,EpiNow,MTP,Cases,2.0,6,All,1,2,3,3,4,4,5,5,6,6,7,8,8,9,10,11,13,15,19
LSHTM,8,3,2021,24,3,2021,Scotland,type28_death_inc_line,EpiNow,MTP,Cases,2.0,6,All,1,2,2,3,3,4,4,5,5,6,6,7,8,8,9,10,12,14,18.049999999999955
LSHTM,8,3,2021,25,3,2021,Scotland,type28_death_inc_line,EpiNow,MTP,Cases,2.0,6,All,1,2,2,3,3,4,4,5,5,6,6,7,8,8,9,10,12,15,22
LSHTM,8,3,2021,26,3,2021,Scotland,type28_death_inc_line,EpiNow,MTP,Cases,2.0,7,All,2,2,3,3,4,5,5,6,6,7,8,8,9,10,11,12,15,18,26
LSHTM,8,3,2021,27,3,2021,Scotland,type28_death_inc_line,EpiNow,MTP,Cases,2.0,6,All,1,2,2,3,3,4,4,5,5,6,6,7,8,9,10,11,13,16,24
LSHTM,8,3,2021,28,3,2021,Scotland,type28_death_inc_line,EpiNow,MTP,Cases,2.0,4,All,1,1,2,2,2,3,3,3,4,4,5,5,6,7,8,9,11,14,20.049999999999955
LSHTM,8,3,2021,29,3,2021,Scotland,type28_death_inc_line,EpiNow,MTP,Cases,2.0,5,All,1,1,2,2,3,3,4,4,5,5,6,6,7,8,10,11,13,17,24.049999999999955
LSHTM,8,3,2021,30,3,2021,Scotland,type28_death_inc_line,EpiNow,MTP,Cases,2.0,5,All,1,1,2,2,2,3,3,4,4,5,5,6,6,7,9,10,12,16,24
LSHTM,8,3,2021,31,3,2021,Scotland,type28_death_inc_line,EpiNow,MTP,Cases,2.0,4,All,0,1,1,2,2,2,3,3,4,4,5,5,6,7,8,9,11,15,24
LSHTM,8,3,2021,1,4,2021,Scotland,type28_death_inc_line,EpiNow,MTP,Cases,2.0,4,All,0,1,1,2,2,2,3,3,4,4,5,5,6,7,8,9,12,16,27.049999999999955
LSHTM,8,3,2021,2,4,2021,Scotland,type28_death_inc_line,EpiNow,MTP,Cases,2.0,5,All,0,1,1,2,2,3,3,4,4,5,6,6,7,8,10,11,13,20,34
LSHTM,8,3,2021,3,4,2021,Scotland,type28_death_inc_line,EpiNow,MTP,Cases,2.0,4,All,0,1,1,1,2,2,3,3,3,4,5,5,6,7,8,10,12,16,27.049999999999955
LSHTM,8,3,2021,4,4,2021,Scotland,type28_death_inc_line,EpiNow,MTP,Cases,2.0,3,All,0,0,1,1,1,1,2,2,3,3,4,4,5,5,6,8,11,15,29
LSHTM,8,3,2021,5,4,2021,Scotland,type28_death_inc_line,EpiNow,MTP,Cases,2.0,3,All,0,0,1,1,2,2,2,2,3,3,4,5,5,6,8,9,12,17,32.049999999999955
LSHTM,8,3,2021,6,4,2021,Scotland,type28_death_inc_line,EpiNow,MTP,Cases,2.0,3,All,0,0,1,1,1,2,2,2,3,3,4,4,5,6,7,9,11,15.100000000000023,35
LSHTM,8,3,2021,7,4,2021,Scotland,type28_death_inc_line,EpiNow,MTP,Cases,2.0,3,All,0,0,1,1,1,1,2,2,3,3,3,4,5,6,7,9,11,16,33
LSHTM,8,3,2021,8,4,2021,Scotland,type28_death_inc_line,EpiNow,MTP,Cases,2.0,3,All,0,0,0,1,1,1,2,2,2,3,3,4,5,6,7,9,12,17,38.049999999999955
LSHTM,8,3,2021,9,4,2021,Scotland,type28_death_inc_line,EpiNow,MTP,Cases,2.0,4,All,0,0,1,1,1,2,2,3,3,4,4,5,6,6,8,10,13,20,41.049999999999955
LSHTM,8,3,2021,10,4,2021,Scotland,type28_death_inc_line,EpiNow,MTP,Cases,2.0,3,All,0,0,0,1,1,1,2,2,2,3,3.4500000000000455,4,5,6,7,9,12,19.100000000000023,35.09999999999991
LSHTM,8,3,2021,11,4,2021,Scotland,type28_death_inc_line,EpiNow,MTP,Cases,2.0,2,All,0,0,0,0,1,1,1,2,2,2,3,3,4,4,6,7,10,16,36.19999999999982
LSHTM,8,3,2021,12,4,2021,Scotland,type28_death_inc_line,EpiNow,MTP,Cases,2.0,3,All,0,0,0,0,1,1,1,2,2,3,3,4,5,6,7,8,12,17,41.049999999999955
LSHTM,8,3,2021,13,4,2021,Scotland,type28_death_inc_line,EpiNow,MTP,Cases,2.0,2,All,0,0,0,0,1,1,1,2,2,2,3,3,4,5,6,8,12,20,40.049999999999955
LSHTM,8,3,2021,14,4,2021,Scotland,type28_death_inc_line,EpiNow,MTP,Cases,2.0,2,All,0,0,0,0,1,1,1,1,2,2,3,3,4,5,6,8,10,17,42
LSHTM,8,3,2021,15,4,2021,Scotland,type28_death_inc_line,EpiNow,MTP,Cases,2.0,2,All,0,0,0,0,0,1,1,1,2,2,3,3,4,5,6,8,12,19,47.049999999999955
LSHTM,8,3,2021,16,4,2021,Scotland,type28_death_inc_line,EpiNow,MTP,Cases,2.0,3,All,0,0,0,0,1,1,1,2,2,3,3,4,5,6,7,9,14,24,61
LSHTM,8,3,2021,17,4,2021,Scotland,type28_death_inc_line,EpiNow,MTP,Cases,2.0,2,All,0,0,0,0,0,1,1,1,2,2,2,3,4,5,6,9,12,20,56.049999999999955
LSHTM,8,3,2021,18,4,2021,Scotland,type28_death_inc_line,EpiNow,MTP,Cases,2.0,2,All,0,0,0,0,0,1,1,1,1,2,2,3,3,4,5,7,11,19,51.049999999999955
LSHTM,8,3,2021,19,4,2021,Scotland,type28_death_inc_line,EpiNow,MTP,Cases,2.0,2,All,0,0,0,0,0,1,1,1,1,2,2,3,4,4,6,8,13,22,62.049999999999955
LSHTM,8,3,2021,20,4,2021,Scotland,type28_death_inc_line,EpiNow,MTP,Cases,2.0,2,All,0,0,0,0,0,0,1,1,1,2,2,2,3,4,5,7,12,21,55
LSHTM,8,3,2021,21,4,2021,Scotland,type28_death_inc_line,EpiNow,MTP,Cases,2.0,1,All,0,0,0,0,0,0,1,1,1,1,2,2,3,4,5,7,11,22,54.049999999999955
LSHTM,8,3,2021,22,4,2021,Scotland,type28_death_inc_line,EpiNow,MTP,Cases,2.0,1,All,0,0,0,0,0,0,1,1,1,1,2,2,3,4,5,8,12,19.100000000000023,60.19999999999982
LSHTM,8,3,2021,23,4,2021,Scotland,type28_death_inc_line,EpiNow,MTP,Cases,2.0,2,All,0,0,0,0,0,1,1,1,1,2,2,3,4,5,6,9,13,29,75.14999999999986
LSHTM,8,3,2021,24,4,2021,Scotland,type28_death_inc_line,EpiNow,MTP,Cases,2.0,1,All,0,0,0,0,0,0,1,1,1,1,2,2,3,4,5,8,13,25,66
LSHTM,8,3,2021,25,4,2021,Scotland,type28_death_inc_line,EpiNow,MTP,Cases,2.0,1,All,0,0,0,0,0,0,0,1,1,1,1,2,2,3,4,7,11,20,67.24999999999977
LSHTM,8,3,2021,26,4,2021,Scotland,type28_death_inc_line,EpiNow,MTP,Cases,2.0,1,All,0,0,0,0,0,0,0,1,1,1,2,2,3,4,5.25,7.2000000000000455,12,25,68.19999999999982
LSHTM,8,3,2021,8,3,2021,South East,type28_death_inc_line,EpiNow,MTP,Cases,2.0,23,All,13,15,16,18,18.75,20,20,21,22,23,24,25,26,27,28,29,31,34,36
LSHTM,8,3,2021,9,3,2021,South East,type28_death_inc_line,EpiNow,MTP,Cases,2.0,19,All,10,12,13.849999999999994,14,15,16,17,17.600000000000023,18,19,20,21,21,22,24,25,26,29,32
LSHTM,8,3,2021,10,3,2021,South East,type28_death_inc_line,EpiNow,MTP,Cases,2.0,17,All,8,10,11,12,13,14,15,15,16,17,17.450000000000045,18,19,20,21,22,23,25,28
LSHTM,8,3,2021,11,3,2021,South East,type28_death_inc_line,EpiNow,MTP,Cases,2.0,18,All,9,11,13,14,15,15.699999999999989,16,17,18,18,19,20,21,22,23,24,26,28,31
LSHTM,8,3,2021,12,3,2021,South East,type28_death_inc_line,EpiNow,MTP,Cases,2.0,14,All,6,8,9,10,11,11,12,13,13,14,15,15,16,17,18,19,20,21.100000000000023,24
LSHTM,8,3,2021,13,3,2021,South East,type28_death_inc_line,EpiNow,MTP,Cases,2.0,16,All,8,10,11,12,13,14,14,15,16,16,17,18,19,20,21,22,24,26,29
LSHTM,8,3,2021,14,3,2021,South East,type28_death_inc_line,EpiNow,MTP,Cases,2.0,14,All,6,8,9,10,10,11,12,13,13,14,14,15,15,16,17,18,19,20,23
LSHTM,8,3,2021,15,3,2021,South East,type28_death_inc_line,EpiNow,MTP,Cases,2.0,15,All,8,9,10,11,12,13,14,14,15,15,16,17,18,19,19,20,22,24,27
LSHTM,8,3,2021,16,3,2021,South East,type28_death_inc_line,EpiNow,MTP,Cases,2.0,13,All,6,7,8,9,9,10,11,11,12,13,13,14,15,16,16,17,19,20,23
LSHTM,8,3,2021,17,3,2021,South East,type28_death_inc_line,EpiNow,MTP,Cases,2.0,11,All,5,6,7,7,8,9,9,10,10,11,11,12,13,13,14,15,17,18,20
LSHTM,8,3,2021,18,3,2021,South East,type28_death_inc_line,EpiNow,MTP,Cases,2.0,12,All,5,6,7,8,9,9,10,11,11,12,13,13,14,15,15,16,17,19,22
LSHTM,8,3,2021,19,3,2021,South East,type28_death_inc_line,EpiNow,MTP,Cases,2.0,9,All,4,5,5,6,7,7,8,8,8,9,9,10,10,11,12,13,14,15,17
LSHTM,8,3,2021,20,3,2021,South East,type28_death_inc_line,EpiNow,MTP,Cases,2.0,11,All,4,5,6,7,8,8,9,10,10,11,11,12,12.350000000000023,13,14,15,16,18,21
LSHTM,8,3,2021,21,3,2021,South East,type28_death_inc_line,EpiNow,MTP,Cases,2.0,8,All,3,4,5,5,6,6,7,7,8,8,9,9,10,10,11,12,12,14,16
LSHTM,8,3,2021,22,3,2021,South East,type28_death_inc_line,EpiNow,MTP,Cases,2.0,10,All,3,4.900000000000006,5,6,7,8,8,9,9,10,10,11,11,12,13,14,16,17,21
LSHTM,8,3,2021,23,3,2021,South East,type28_death_inc_line,EpiNow,MTP,Cases,2.0,8,All,3,4,4,5,5,6,6,7,7,8,8.450000000000045,9,9,10,11,11,12,14,16
LSHTM,8,3,2021,24,3,2021,South East,type28_death_inc_line,EpiNow,MTP,Cases,2.0,7,All,2,3,3,4,4,5,5,6,6,7,7,8,8,9,9,10,11,12,15
LSHTM,8,3,2021,25,3,2021,South East,type28_death_inc_line,EpiNow,MTP,Cases,2.0,7,All,2,3,4,4,5,5,6,6,7,7,8,8,9,9,10,11,12,14,17
LSHTM,8,3,2021,26,3,2021,South East,type28_death_inc_line,EpiNow,MTP,Cases,2.0,5,All,1,2,2,3,3,4,4,5,5,5,6,6,7,7,8,9,10,11,14
LSHTM,8,3,2021,27,3,2021,South East,type28_death_inc_line,EpiNow,MTP,Cases,2.0,6,All,2,3,3,4,4,5,5,6,6,6,7,7,8,9,9,10,11,13,17
LSHTM,8,3,2021,28,3,2021,South East,type28_death_inc_line,EpiNow,MTP,Cases,2.0,5,All,1,2,2,3,3,4,4,4,5,5,6,6,7,7,8,9,10,11,14
LSHTM,8,3,2021,29,3,2021,South East,type28_death_inc_line,EpiNow,MTP,Cases,2.0,6,All,2,2,3,3,4,4,4,5,5,6,6,7,7,8,9,10,11,13,17
LSHTM,8,3,2021,30,3,2021,South East,type28_death_inc_line,EpiNow,MTP,Cases,2.0,5,All,1,1,2,2,3,3,4,4,4,5,5,6,6,7,7,8,9,11,14
LSHTM,8,3,2021,31,3,2021,South East,type28_death_inc_line,EpiNow,MTP,Cases,2.0,4,All,1,1,1,2,2,3,3,3,4,4,4,5,5,6,6,7,9,11,13
LSHTM,8,3,2021,1,4,2021,South East,type28_death_inc_line,EpiNow,MTP,Cases,2.0,4,All,1,1,2,2,2,3,3,4,4,4,5,5,6,7,7,8,9,11,15
LSHTM,8,3,2021,2,4,2021,South East,type28_death_inc_line,EpiNow,MTP,Cases,2.0,3,All,0,1,1,1,2,2,2,3,3,3,4,4,4,5,6,6.2000000000000455,7,9,12.049999999999955
LSHTM,8,3,2021,3,4,2021,South East,type28_death_inc_line,EpiNow,MTP,Cases,2.0,4,All,0,1,1,2,2,2,3,3,3,4,4,5,5,6,7,8,9,11,14
LSHTM,8,3,2021,4,4,2021,South East,type28_death_inc_line,EpiNow,MTP,Cases,2.0,3,All,0,1,1,1,1,2,2,2,3,3,3,4,4,5,5,6,7,9,12
LSHTM,8,3,2021,5,4,2021,South East,type28_death_inc_line,EpiNow,MTP,Cases,2.0,4,All,0,1,1,1,2,2,2,3,3,4,4,4,5,5,6,7,9,11,15
LSHTM,8,3,2021,6,4,2021,South East,type28_death_inc_line,EpiNow,MTP,Cases,2.0,3,All,0,0,1,1,1,2,2,2,3,3,3,4,4,4,5,6,7,9,13.049999999999955
LSHTM,8,3,2021,7,4,2021,South East,type28_death_inc_line,EpiNow,MTP,Cases,2.0,2,All,0,0,0,1,1,1,1,2,2,2,3,3,3,4,4,5,6.149999999999977,8,12.049999999999955
LSHTM,8,3,2021,8,4,2021,South East,type28_death_inc_line,EpiNow,MTP,Cases,2.0,2,All,0,0,1,1,1,1,1.6499999999999773,2,2,2,3,3,4,4,5,6,7,9,15
LSHTM,8,3,2021,9,4,2021,South East,type28_death_inc_line,EpiNow,MTP,Cases,2.0,2,All,0,0,0,0,1,1,1,1,2,2,2,3,3,3,4,5,6,8,12
LSHTM,8,3,2021,10,4,2021,South East,type28_death_inc_line,EpiNow,MTP,Cases,2.0,2,All,0,0,0,1,1,1,1,2,2,2,3,3,4,4,5,6,7,9.100000000000023,14
LSHTM,8,3,2021,11,4,2021,South East,type28_death_inc_line,EpiNow,MTP,Cases,2.0,2,All,0,0,0,0,1,1,1,1,1,2,2,2,3,3,4,5,6,7,13
LSHTM,8,3,2021,12,4,2021,South East,type28_death_inc_line,EpiNow,MTP,Cases,2.0,2,All,0,0,0,0,1,1,1,1,2,2,2,3,3,4,5,6,7,9,15
LSHTM,8,3,2021,13,4,2021,South East,type28_death_inc_line,EpiNow,MTP,Cases,2.0,2,All,0,0,0,0,0,1,1,1,1,2,2,2,3,3,4,5,6,8,12.049999999999955
LSHTM,8,3,2021,14,4,2021,South East,type28_death_inc_line,EpiNow,MTP,Cases,2.0,1,All,0,0,0,0,0,1,1,1,1,1,2,2,2,3,3,4,5,7,12
LSHTM,8,3,2021,15,4,2021,South East,type28_death_inc_line,EpiNow,MTP,Cases,2.0,2,All,0,0,0,0,0,1,1,1,1,2,2,2,3,3,4,4,6,7.100000000000023,14
LSHTM,8,3,2021,16,4,2021,South East,type28_death_inc_line,EpiNow,MTP,Cases,2.0,1,All,0,0,0,0,0,0,1,1,1,1,1,2,2,2,3,4,5,6,11.049999999999955
LSHTM,8,3,2021,17,4,2021,South East,type28_death_inc_line,EpiNow,MTP,Cases,2.0,1,All,0,0,0,0,0,0,1,1,1,1,2,2,2,3,3,4,5.149999999999977,8,13
LSHTM,8,3,2021,18,4,2021,South East,type28_death_inc_line,EpiNow,MTP,Cases,2.0,1,All,0,0,0,0,0,0,0,1,1,1,1,2,2,2,3,4,4,6,12
LSHTM,8,3,2021,19,4,2021,South East,type28_death_inc_line,EpiNow,MTP,Cases,2.0,1,All,0,0,0,0,0,0,0,1,1,1,1,2,2,3,3,4,5,8,14
LSHTM,8,3,2021,20,4,2021,South East,type28_death_inc_line,EpiNow,MTP,Cases,2.0,1,All,0,0,0,0,0,0,0,1,1,1,1,1,2,2,3,3,5,7,11
LSHTM,8,3,2021,21,4,2021,South East,type28_death_inc_line,EpiNow,MTP,Cases,2.0,1,All,0,0,0,0,0,0,0,0,0,1,1,1,2,2,2,3,4,6,11
LSHTM,8,3,2021,22,4,2021,South East,type28_death_inc_line,EpiNow,MTP,Cases,2.0,1,All,0,0,0,0,0,0,0,0,1,1,1,1,2,2,3,3,5,7,14.049999999999955
LSHTM,8,3,2021,23,4,2021,South East,type28_death_inc_line,EpiNow,MTP,Cases,2.0,1,All,0,0,0,0,0,0,0,0,0,1,1,1,1,2,2,3,4,5,11
LSHTM,8,3,2021,24,4,2021,South East,type28_death_inc_line,EpiNow,MTP,Cases,2.0,1,All,0,0,0,0,0,0,0,0,1,1,1,1,2,2,2.25,3,4,7,13
LSHTM,8,3,2021,25,4,2021,South East,type28_death_inc_line,EpiNow,MTP,Cases,2.0,1,All,0,0,0,0,0,0,0,0,0,1,1,1,1,2,2,3,3,5,11
LSHTM,8,3,2021,26,4,2021,South East,type28_death_inc_line,EpiNow,MTP,Cases,2.0,1,All,0,0,0,0,0,0,0,0,0,1,1,1,1,2,2,3,4,7,14
LSHTM,8,3,2021,8,3,2021,South West,type28_death_inc_line,EpiNow,MTP,Cases,2.0,10,All,4,5,6,7,7,8,8,9,10,10,11,11,12,13,14,15,16,17,20
LSHTM,8,3,2021,9,3,2021,South West,type28_death_inc_line,EpiNow,MTP,Cases,2.0,8,All,3,3,4,5,5,6,7,7,7,8,8,9,9,10,11,12,13,14,17
LSHTM,8,3,2021,10,3,2021,South West,type28_death_inc_line,EpiNow,MTP,Cases,2.0,8,All,3,4,4,5,5,6,6,7,7,8,8,9,9,10,11,11,12,14,16
LSHTM,8,3,2021,11,3,2021,South West,type28_death_inc_line,EpiNow,MTP,Cases,2.0,9,All,3,4,5,6,6,7,7,8,8,9,9,10,11,11,12,13,14,16,18
LSHTM,8,3,2021,12,3,2021,South West,type28_death_inc_line,EpiNow,MTP,Cases,2.0,7,All,2,3,3,4,4,5,5,6,6,7,7,8,8,9,9,10,11,12,14
LSHTM,8,3,2021,13,3,2021,South West,type28_death_inc_line,EpiNow,MTP,Cases,2.0,7,All,2,3,4,4,5,5,6,6,7,7,8,8,9,9,10,11,12,13,14
LSHTM,8,3,2021,14,3,2021,South West,type28_death_inc_line,EpiNow,MTP,Cases,2.0,7,All,2,2,3,4,4,5,5,6,6,7,7,8,8,8,9,10,11,12,14
LSHTM,8,3,2021,15,3,2021,South West,type28_death_inc_line,EpiNow,MTP,Cases,2.0,6,All,2,2,3,4,4,4,5,5,5,6,6,7,7,8,8,9,10,11,13
LSHTM,8,3,2021,16,3,2021,South West,type28_death_inc_line,EpiNow,MTP,Cases,2.0,5,All,1,2,2,2,3,3,4,4,4,5,5,5,6,6,7,7,8,9,10
LSHTM,8,3,2021,17,3,2021,South West,type28_death_inc_line,EpiNow,MTP,Cases,2.0,4,All,1,2,2,2,3,3,3,4,4,4,5,5,6,6,6,7,8,9,10.049999999999955
LSHTM,8,3,2021,18,3,2021,South West,type28_death_inc_line,EpiNow,MTP,Cases,2.0,5,All,1,2,2,3,3,3,4,4,5,5,5.4500000000000455,6,6,7,7,8,9,10,12
LSHTM,8,3,2021,19,3,2021,South West,type28_death_inc_line,EpiNow,MTP,Cases,2.0,4,All,1,1,1.8499999999999943,2,2,2,3,3,3,4,4,4,5,5,6,6,7,8,9
LSHTM,8,3,2021,20,3,2021,South West,type28_death_inc_line,EpiNow,MTP,Cases,2.0,4,All,1,1,2,2,3,3,3,3,4,4,4,5,5,6,6,7,7,8,10
LSHTM,8,3,2021,21,3,2021,South West,type28_death_inc_line,EpiNow,MTP,Cases,2.0,4,All,0,1,1,2,2,2,3,3,3,4,4,4,5,5,5,6,6,7,9
LSHTM,8,3,2021,22,3,2021,South West,type28_death_inc_line,EpiNow,MTP,Cases,2.0,3,All,0,1,1,2,2,2,2,3,3,3,4,4,4,5,5,6,6,7,9
LSHTM,8,3,2021,23,3,2021,South West,type28_death_inc_line,EpiNow,MTP,Cases,2.0,2,All,0,0,1,1,1,1,2,2,2,2,3,3,3,4,4,5,5,6,7
LSHTM,8,3,2021,24,3,2021,South West,type28_death_inc_line,EpiNow,MTP,Cases,2.0,2,All,0,0,1,1,1,1,2,2,2,2,3,3,3,3,4,4,5,6,7
LSHTM,8,3,2021,25,3,2021,South West,type28_death_inc_line,EpiNow,MTP,Cases,2.0,3,All,0,1,1,1,1,2,2,2,2,3,3,3,4,4,4,5,6,7,9
LSHTM,8,3,2021,26,3,2021,South West,type28_death_inc_line,EpiNow,MTP,Cases,2.0,2,All,0,0,0,1,1,1,1,2,2,2,2,3,3,3,4,4,5,5,7
LSHTM,8,3,2021,27,3,2021,South West,type28_death_inc_line,EpiNow,MTP,Cases,2.0,2,All,0,0,1,1,1,1,1,2,2,2,2,3,3,3,4,4,5,6,7
LSHTM,8,3,2021,28,3,2021,South West,type28_death_inc_line,EpiNow,MTP,Cases,2.0,2,All,0,0,0,1,1,1,1,1,2,2,2,2,3,3,3,4,4,5,6
LSHTM,8,3,2021,29,3,2021,South West,type28_death_inc_line,EpiNow,MTP,Cases,2.0,2,All,0,0,0,0,1,1,1,1,1,2,2,2,2,3,3,4,4,5,6
LSHTM,8,3,2021,30,3,2021,South West,type28_death_inc_line,EpiNow,MTP,Cases,2.0,1,All,0,0,0,0,0,1,1,1,1,1,2,2,2,2,3,3,4,4,6
LSHTM,8,3,2021,31,3,2021,South West,type28_death_inc_line,EpiNow,MTP,Cases,2.0,1,All,0,0,0,0,0,1,1,1,1,1,1,2,2,2,2,3,3,4,5
LSHTM,8,3,2021,1,4,2021,South West,type28_death_inc_line,EpiNow,MTP,Cases,2.0,1,All,0,0,0,0,0,1,1,1,1,1,2,2,2,2,3,3,4,5,7
LSHTM,8,3,2021,2,4,2021,South West,type28_death_inc_line,EpiNow,MTP,Cases,2.0,1,All,0,0,0,0,0,0,0.6499999999999773,1,1,1,1,1,2,2,2,3,3,4,6
LSHTM,8,3,2021,3,4,2021,South West,type28_death_inc_line,EpiNow,MTP,Cases,2.0,1,All,0,0,0,0,0,0,0,1,1,1,1,1,2,2,2,3,3,4,6
LSHTM,8,3,2021,4,4,2021,South West,type28_death_inc_line,EpiNow,MTP,Cases,2.0,1,All,0,0,0,0,0,0,0,1,1,1,1,1,2,2,2,3,3,4,5
LSHTM,8,3,2021,5,4,2021,South West,type28_death_inc_line,EpiNow,MTP,Cases,2.0,1,All,0,0,0,0,0,0,0,0,1,1,1,1,1,2,2,2,3,4,5
LSHTM,8,3,2021,6,4,2021,South West,type28_death_inc_line,EpiNow,MTP,Cases,2.0,1,All,0,0,0,0,0,0,0,0,0,1,1,1,1,1,2,2,2,3,5
LSHTM,8,3,2021,7,4,2021,South West,type28_death_inc_line,EpiNow,MTP,Cases,2.0,1,All,0,0,0,0,0,0,0,0,0,1,1,1,1,1,2,2,2,3,4.0499999999999545
LSHTM,8,3,2021,8,4,2021,South West,type28_death_inc_line,EpiNow,MTP,Cases,2.0,1,All,0,0,0,0,0,0,0,0,0,1,1,1,1,1,2,2,2.1499999999999773,3,6
LSHTM,8,3,2021,9,4,2021,South West,type28_death_inc_line,EpiNow,MTP,Cases,2.0,0,All,0,0,0,0,0,0,0,0,0,0,1,1,1,1,1,2,2,3,4
LSHTM,8,3,2021,10,4,2021,South West,type28_death_inc_line,EpiNow,MTP,Cases,2.0,0,All,0,0,0,0,0,0,0,0,0,0,1,1,1,1,1,2,2,3,5
LSHTM,8,3,2021,11,4,2021,South West,type28_death_inc_line,EpiNow,MTP,Cases,2.0,0,All,0,0,0,0,0,0,0,0,0,0,0,1,1,1,1,2,2,3,4
LSHTM,8,3,2021,12,4,2021,South West,type28_death_inc_line,EpiNow,MTP,Cases,2.0,0,All,0,0,0,0,0,0,0,0,0,0,0,1,1,1,1,2,2,3,4
LSHTM,8,3,2021,13,4,2021,South West,type28_death_inc_line,EpiNow,MTP,Cases,2.0,0,All,0,0,0,0,0,0,0,0,0,0,0,0,1,1,1,1,2,2,4
LSHTM,8,3,2021,14,4,2021,South West,type28_death_inc_line,EpiNow,MTP,Cases,2.0,0,All,0,0,0,0,0,0,0,0,0,0,0,0,1,1,1,1,2,2,4
LSHTM,8,3,2021,15,4,2021,South West,type28_death_inc_line,EpiNow,MTP,Cases,2.0,0,All,0,0,0,0,0,0,0,0,0,0,0,0,1,1,1,1,2,3,4
LSHTM,8,3,2021,16,4,2021,South West,type28_death_inc_line,EpiNow,MTP,Cases,2.0,0,All,0,0,0,0,0,0,0,0,0,0,0,0,0,1,1,1,1,2,4
LSHTM,8,3,2021,17,4,2021,South West,type28_death_inc_line,EpiNow,MTP,Cases,2.0,0,All,0,0,0,0,0,0,0,0,0,0,0,0,0,1,1,1,1,2,4
LSHTM,8,3,2021,18,4,2021,South West,type28_death_inc_line,EpiNow,MTP,Cases,2.0,0,All,0,0,0,0,0,0,0,0,0,0,0,0,0,1,1,1,1,2,4
LSHTM,8,3,2021,19,4,2021,South West,type28_death_inc_line,EpiNow,MTP,Cases,2.0,0,All,0,0,0,0,0,0,0,0,0,0,0,0,0,0,1,1,1,2,4
LSHTM,8,3,2021,20,4,2021,South West,type28_death_inc_line,EpiNow,MTP,Cases,2.0,0,All,0,0,0,0,0,0,0,0,0,0,0,0,0,0,1,1,1,2,3
LSHTM,8,3,2021,21,4,2021,South West,type28_death_inc_line,EpiNow,MTP,Cases,2.0,0,All,0,0,0,0,0,0,0,0,0,0,0,0,0,0,1,1,1,2,4
LSHTM,8,3,2021,22,4,2021,South West,type28_death_inc_line,EpiNow,MTP,Cases,2.0,0,All,0,0,0,0,0,0,0,0,0,0,0,0,0,0,1,1,1,2,4
LSHTM,8,3,2021,23,4,2021,South West,type28_death_inc_line,EpiNow,MTP,Cases,2.0,0,All,0,0,0,0,0,0,0,0,0,0,0,0,0,0,1,1,1,2,3
LSHTM,8,3,2021,24,4,2021,South West,type28_death_inc_line,EpiNow,MTP,Cases,2.0,0,All,0,0,0,0,0,0,0,0,0,0,0,0,0,0,0,1,1,1,3
LSHTM,8,3,2021,25,4,2021,South West,type28_death_inc_line,EpiNow,MTP,Cases,2.0,0,All,0,0,0,0,0,0,0,0,0,0,0,0,0,0,0,1,1,1.1000000000000227,3
LSHTM,8,3,2021,26,4,2021,South West,type28_death_inc_line,EpiNow,MTP,Cases,2.0,0,All,0,0,0,0,0,0,0,0,0,0,0,0,0,0,0,1,1,2,3
LSHTM,8,3,2021,8,3,2021,Wales,type28_death_inc_line,EpiNow,MTP,Cases,2.0,6,All,1,2,3,3,4,4,5,5,6,6,7,7,8,9,9,10,11,12,15
LSHTM,8,3,2021,9,3,2021,Wales,type28_death_inc_line,EpiNow,MTP,Cases,2.0,5,All,1,2,2,3,3,4,4,4,5,5,6,6,7,8,8,9,10,11.100000000000023,15
LSHTM,8,3,2021,10,3,2021,Wales,type28_death_inc_line,EpiNow,MTP,Cases,2.0,5,All,1,1.9000000000000057,2,2,3,3,4,4,4,5,5,6,6,7,7,8,9,10,13
LSHTM,8,3,2021,11,3,2021,Wales,type28_death_inc_line,EpiNow,MTP,Cases,2.0,4,All,1,1,2,2,2,3,3,3,4,4,5,5,5,6,7,7,8,9,11
LSHTM,8,3,2021,12,3,2021,Wales,type28_death_inc_line,EpiNow,MTP,Cases,2.0,6,All,1,2,3,3,4,4,5,5,5,6,7,7,8,8,9,10,11,13,15
LSHTM,8,3,2021,13,3,2021,Wales,type28_death_inc_line,EpiNow,MTP,Cases,2.0,5,All,1,2,2,2.8000000000000114,3,3,4,4,4.550000000000011,5,6,6,7,7,8,9,10,11,14
LSHTM,8,3,2021,14,3,2021,Wales,type28_death_inc_line,EpiNow,MTP,Cases,2.0,4,All,1,1,1.8499999999999943,2,2,2.6999999999999886,3,3,3,4,4,5,5,6,6,7,8,9,11
LSHTM,8,3,2021,15,3,2021,Wales,type28_death_inc_line,EpiNow,MTP,Cases,2.0,4,All,0,1,1,2,2,2,3,3,3,4,4,5,5,5.2999999999999545,6,7,7,9,10
LSHTM,8,3,2021,16,3,2021,Wales,type28_death_inc_line,EpiNow,MTP,Cases,2.0,3,All,0,1,1,1,2,2,2,3,3,3,3,4,4,5,5,6,7,8,9
LSHTM,8,3,2021,17,3,2021,Wales,type28_death_inc_line,EpiNow,MTP,Cases,2.0,3,All,0,1,1,1,1,2,2,2,2,3,3,3,4,4,5,5,6,6,8
LSHTM,8,3,2021,18,3,2021,Wales,type28_death_inc_line,EpiNow,MTP,Cases,2.0,2,All,0,0,1,1,1,1,2,2,2,2,3,3,3,4,4,4,5,6,8
LSHTM,8,3,2021,19,3,2021,Wales,type28_death_inc_line,EpiNow,MTP,Cases,2.0,3,All,0,1,1,1,2,2,2,3,3,3,4,4,5,5,6,7,7,8,10
LSHTM,8,3,2021,20,3,2021,Wales,type28_death_inc_line,EpiNow,MTP,Cases,2.0,3,All,0,1,1,1,1,2,2,2,3,3,3,4,4,4,5,5,6,7,9
LSHTM,8,3,2021,21,3,2021,Wales,type28_death_inc_line,EpiNow,MTP,Cases,2.0,2,All,0,0,1,1,1,1,2,2,2,2,3,3,3,4,4,5,5,6,7
LSHTM,8,3,2021,22,3,2021,Wales,type28_death_inc_line,EpiNow,MTP,Cases,2.0,2,All,0,0,0,1,1,1,1,2,2,2,2,3,3,3,4,4,5,5,6
LSHTM,8,3,2021,23,3,2021,Wales,type28_death_inc_line,EpiNow,MTP,Cases,2.0,2,All,0,0,0,0,1,1,1,1,1,2,2,2,2,3,3,4,4,5,6
LSHTM,8,3,2021,24,3,2021,Wales,type28_death_inc_line,EpiNow,MTP,Cases,2.0,1,All,0,0,0,0,1,1,1,1,1,1,2,2,2,2,3,3,3.1499999999999773,4,5
LSHTM,8,3,2021,25,3,2021,Wales,type28_death_inc_line,EpiNow,MTP,Cases,2.0,1,All,0,0,0,0,0,0,1,1,1,1,1,1,2,2,2,3,3,4,5
LSHTM,8,3,2021,26,3,2021,Wales,type28_death_inc_line,EpiNow,MTP,Cases,2.0,2,All,0,0,0,1,1,1,1,1,2,2,2,2,3,3,3,4,4,5,7
LSHTM,8,3,2021,27,3,2021,Wales,type28_death_inc_line,EpiNow,MTP,Cases,2.0,2,All,0,0,0,0,1,1,1,1,1,2,2,2,2,3,3,3,4,5,6
LSHTM,8,3,2021,28,3,2021,Wales,type28_death_inc_line,EpiNow,MTP,Cases,2.0,1,All,0,0,0,0,0,0,1,1,1,1,1,2,2,2,2,3,3,4,5
LSHTM,8,3,2021,29,3,2021,Wales,type28_death_inc_line,EpiNow,MTP,Cases,2.0,1,All,0,0,0,0,0,0,1,1,1,1,1,1,2,2,2,2,3,4,4.0499999999999545
LSHTM,8,3,2021,30,3,2021,Wales,type28_death_inc_line,EpiNow,MTP,Cases,2.0,1,All,0,0,0,0,0,0,0,0,1,1,1,1,1,2,2,2,3,3,4
LSHTM,8,3,2021,31,3,2021,Wales,type28_death_inc_line,EpiNow,MTP,Cases,2.0,1,All,0,0,0,0,0,0,0,0,0,1,1,1,1,1,2,2,2,3,3.0499999999999545
LSHTM,8,3,2021,1,4,2021,Wales,type28_death_inc_line,EpiNow,MTP,Cases,2.0,1,All,0,0,0,0,0,0,0,0,0,1,1,1,1,1,2,2,2,3,4
LSHTM,8,3,2021,2,4,2021,Wales,type28_death_inc_line,EpiNow,MTP,Cases,2.0,1,All,0,0,0,0,0,0,0,1,1,1,1,1,1,2,2,2,3,4,5
LSHTM,8,3,2021,3,4,2021,Wales,type28_death_inc_line,EpiNow,MTP,Cases,2.0,1,All,0,0,0,0,0,0,0,0,0.5500000000000114,1,1,1,1,1,2,2,2,3,4
LSHTM,8,3,2021,4,4,2021,Wales,type28_death_inc_line,EpiNow,MTP,Cases,2.0,0,All,0,0,0,0,0,0,0,0,0,0,1,1,1,1,1,2,2,3,3
LSHTM,8,3,2021,5,4,2021,Wales,type28_death_inc_line,EpiNow,MTP,Cases,2.0,0,All,0,0,0,0,0,0,0,0,0,0,1,1,1,1,1,2,2,2,4
LSHTM,8,3,2021,6,4,2021,Wales,type28_death_inc_line,EpiNow,MTP,Cases,2.0,0,All,0,0,0,0,0,0,0,0,0,0,0,1,1,1,1,1,2,2,3
LSHTM,8,3,2021,7,4,2021,Wales,type28_death_inc_line,EpiNow,MTP,Cases,2.0,0,All,0,0,0,0,0,0,0,0,0,0,0,0,1,1,1,1,1,2,3
LSHTM,8,3,2021,8,4,2021,Wales,type28_death_inc_line,EpiNow,MTP,Cases,2.0,0,All,0,0,0,0,0,0,0,0,0,0,0,0,0,1,1,1,1,2,2
LSHTM,8,3,2021,9,4,2021,Wales,type28_death_inc_line,EpiNow,MTP,Cases,2.0,0,All,0,0,0,0,0,0,0,0,0,0,0,1,1,1,1,1,2,3,4
LSHTM,8,3,2021,10,4,2021,Wales,type28_death_inc_line,EpiNow,MTP,Cases,2.0,0,All,0,0,0,0,0,0,0,0,0,0,0,0,1,1,1,1,2,2,3
LSHTM,8,3,2021,11,4,2021,Wales,type28_death_inc_line,EpiNow,MTP,Cases,2.0,0,All,0,0,0,0,0,0,0,0,0,0,0,0,0,1,1,1,1,2,3
LSHTM,8,3,2021,12,4,2021,Wales,type28_death_inc_line,EpiNow,MTP,Cases,2.0,0,All,0,0,0,0,0,0,0,0,0,0,0,0,0,1,1,1,1,2,3
LSHTM,8,3,2021,13,4,2021,Wales,type28_death_inc_line,EpiNow,MTP,Cases,2.0,0,All,0,0,0,0,0,0,0,0,0,0,0,0,0,0,1,1,1,2,3
LSHTM,8,3,2021,14,4,2021,Wales,type28_death_inc_line,EpiNow,MTP,Cases,2.0,0,All,0,0,0,0,0,0,0,0,0,0,0,0,0,0,1,1,1,2,2
LSHTM,8,3,2021,15,4,2021,Wales,type28_death_inc_line,EpiNow,MTP,Cases,2.0,0,All,0,0,0,0,0,0,0,0,0,0,0,0,0,0,0,1,1,1,2
LSHTM,8,3,2021,16,4,2021,Wales,type28_death_inc_line,EpiNow,MTP,Cases,2.0,0,All,0,0,0,0,0,0,0,0,0,0,0,0,0,0,1,1,1,2,3
LSHTM,8,3,2021,17,4,2021,Wales,type28_death_inc_line,EpiNow,MTP,Cases,2.0,0,All,0,0,0,0,0,0,0,0,0,0,0,0,0,0,1,1,1,1,3
LSHTM,8,3,2021,18,4,2021,Wales,type28_death_inc_line,EpiNow,MTP,Cases,2.0,0,All,0,0,0,0,0,0,0,0,0,0,0,0,0,0,0,1,1,1,2
LSHTM,8,3,2021,19,4,2021,Wales,type28_death_inc_line,EpiNow,MTP,Cases,2.0,0,All,0,0,0,0,0,0,0,0,0,0,0,0,0,0,0,1,1,1,2
LSHTM,8,3,2021,20,4,2021,Wales,type28_death_inc_line,EpiNow,MTP,Cases,2.0,0,All,0,0,0,0,0,0,0,0,0,0,0,0,0,0,0,1,1,1,2
LSHTM,8,3,2021,21,4,2021,Wales,type28_death_inc_line,EpiNow,MTP,Cases,2.0,0,All,0,0,0,0,0,0,0,0,0,0,0,0,0,0,0,0,1,1,2
LSHTM,8,3,2021,22,4,2021,Wales,type28_death_inc_line,EpiNow,MTP,Cases,2.0,0,All,0,0,0,0,0,0,0,0,0,0,0,0,0,0,0,0,1,1,1.0499999999999545
LSHTM,8,3,2021,23,4,2021,Wales,type28_death_inc_line,EpiNow,MTP,Cases,2.0,0,All,0,0,0,0,0,0,0,0,0,0,0,0,0,0,0,1,1,1,2
LSHTM,8,3,2021,24,4,2021,Wales,type28_death_inc_line,EpiNow,MTP,Cases,2.0,0,All,0,0,0,0,0,0,0,0,0,0,0,0,0,0,0,0,1,1,2
LSHTM,8,3,2021,25,4,2021,Wales,type28_death_inc_line,EpiNow,MTP,Cases,2.0,0,All,0,0,0,0,0,0,0,0,0,0,0,0,0,0,0,0,1,1,2
LSHTM,8,3,2021,26,4,2021,Wales,type28_death_inc_line,EpiNow,MTP,Cases,2.0,0,All,0,0,0,0,0,0,0,0,0,0,0,0,0,0,0,0,1,1,2
LSHTM,8,3,2021,8,3,2021,England,type28_death_inc_line,EpiNow,MTP,Cases,2.0,159,All,79,93,106,116,123.75,131,138,145,153,159,167,175,183,192.5999999999999,204,215.20000000000005,232,251,281.0999999999999
LSHTM,8,3,2021,9,3,2021,England,type28_death_inc_line,EpiNow,MTP,Cases,2.0,140,All,67,80,91.85,101,106,114,121,126.60000000000002,132,140,147,153.39999999999998,160,169,180,191,203,221.10000000000002,253
LSHTM,8,3,2021,10,3,2021,England,type28_death_inc_line,EpiNow,MTP,Cases,2.0,131,All,63,75.9,84,92,97,105,111,117,125,131,136.45000000000005,142,149,159,166,176,188,207,233.04999999999995
LSHTM,8,3,2021,11,3,2021,England,type28_death_inc_line,EpiNow,MTP,Cases,2.0,139,All,64,80,90,98,107,112.69999999999999,118,125,131,139,144.45000000000005,151,159.70000000000005,166.29999999999995,177,187,200,219.10000000000002,246.04999999999995
LSHTM,8,3,2021,12,3,2021,England,type28_death_inc_line,EpiNow,MTP,Cases,2.0,118,All,54,68.9,74,82,87,93,99,106,111,118,123,130,137,144,152,163,174,191.20000000000005,217
LSHTM,8,3,2021,13,3,2021,England,type28_death_inc_line,EpiNow,MTP,Cases,2.0,118,All,54,66,75,82,89.75,96,101,106,113,118,125,130,139,144,154,162,174,190,215
LSHTM,8,3,2021,14,3,2021,England,type28_death_inc_line,EpiNow,MTP,Cases,2.0,114,All,49.95,61,70,78,83,92,96.64999999999998,102,106,114,119,125,133,138,147,155.20000000000005,167,182,207.04999999999995
LSHTM,8,3,2021,15,3,2021,England,type28_death_inc_line,EpiNow,MTP,Cases,2.0,112,All,50,60.80000000000001,69,78,83,89,96,101,105.55000000000001,112,118,124,129,137.29999999999995,144,154,166,181.20000000000005,209
LSHTM,8,3,2021,16,3,2021,England,type28_death_inc_line,EpiNow,MTP,Cases,2.0,98,All,43,54,60,67,72,78,83,88,92,98,103,108,114,121.29999999999995,127,136,147,161,183.04999999999995
LSHTM,8,3,2021,17,3,2021,England,type28_death_inc_line,EpiNow,MTP,Cases,2.0,90,All,37,49,56,60,66,71,75,82,84.55000000000001,90,95,100,108,113,119,129,139,150.10000000000002,172.0999999999999
LSHTM,8,3,2021,18,3,2021,England,type28_death_inc_line,EpiNow,MTP,Cases,2.0,95,All,39,49,56,63,67,71,79,83,89,95,100.90000000000009,105,112,120,125,133,144,159,184.04999999999995
LSHTM,8,3,2021,19,3,2021,England,type28_death_inc_line,EpiNow,MTP,Cases,2.0,82,All,30.950000000000003,42,47.849999999999994,55,60,64,70,73,76,82,86,92,98,103,111,119,128,142,164.04999999999995
LSHTM,8,3,2021,20,3,2021,England,type28_death_inc_line,EpiNow,MTP,Cases,2.0,79.5,All,31,40,47,53,58,62,67,71,76,79.5,85,91,96.35000000000002,104,108,118.20000000000005,128,140.10000000000002,165
LSHTM,8,3,2021,21,3,2021,England,type28_death_inc_line,EpiNow,MTP,Cases,2.0,79,All,28,38,44.849999999999994,50,55,59,63,68,73.55000000000001,79,83.45000000000005,86,94,99,103.25,111,122.14999999999998,137,161.04999999999995
LSHTM,8,3,2021,22,3,2021,England,type28_death_inc_line,EpiNow,MTP,Cases,2.0,76,All,26.950000000000003,35.900000000000006,42,47,53,58,62,68,72,76,82,87,91,98,105,112.20000000000005,123,138,166
LSHTM,8,3,2021,23,3,2021,England,type28_death_inc_line,EpiNow,MTP,Cases,2.0,65,All,22,30,35,40,44,49,53,58,61,65,70.45000000000005,75,79,86,94,100,109,123.10000000000002,146.04999999999995
LSHTM,8,3,2021,24,3,2021,England,type28_death_inc_line,EpiNow,MTP,Cases,2.0,61.5,All,18.950000000000003,27,32,38,41,46,49,55,57,61.5,66,71,75,80,87,95.20000000000005,107.14999999999998,120,146.04999999999995
LSHTM,8,3,2021,25,3,2021,England,type28_death_inc_line,EpiNow,MTP,Cases,2.0,65,All,20,27,34,38,41,46,52,55,60,65,69,72,79,83,89,98,109,126,155
LSHTM,8,3,2021,26,3,2021,England,type28_death_inc_line,EpiNow,MTP,Cases,2.0,54,All,15,23,26,31,36,39,42,48,51,54,59,63,70,74,80.25,90,100,113,140.04999999999995
LSHTM,8,3,2021,27,3,2021,England,type28_death_inc_line,EpiNow,MTP,Cases,2.0,53,All,16,21.900000000000006,27,30,35,38,42,46,50,53,58,63,68,73,80,87,99,113.10000000000002,142.04999999999995
LSHTM,8,3,2021,28,3,2021,England,type28_death_inc_line,EpiNow,MTP,Cases,2.0,52.5,All,13,20,24,30,33,38,40,44,49,52.5,57,60,67,72,78,86,98,114,145.14999999999986
LSHTM,8,3,2021,29,3,2021,England,type28_death_inc_line,EpiNow,MTP,Cases,2.0,51,All,13,18.900000000000006,23,28,31,35,37,43,46,51,55,59,63,69.29999999999995,77,86,97,114,149.0999999999999
LSHTM,8,3,2021,30,3,2021,England,type28_death_inc_line,EpiNow,MTP,Cases,2.0,44,All,11,16,19,21,26,31,33,37,40,44,47,54,58,63,70,78,89,105,135
LSHTM,8,3,2021,31,3,2021,England,type28_death_inc_line,EpiNow,MTP,Cases,2.0,42,All,10,12,17,21,23,28,31,33,38,42,44,51,55,61,66,73.20000000000005,86,102.10000000000002,136.0999999999999
LSHTM,8,3,2021,1,4,2021,England,type28_death_inc_line,EpiNow,MTP,Cases,2.0,41,All,9,12.900000000000006,19,20,24,29,30,35.60000000000002,38,41,47,51,57,62.299999999999955,70,77,88.29999999999995,110,148.04999999999995
LSHTM,8,3,2021,2,4,2021,England,type28_death_inc_line,EpiNow,MTP,Cases,2.0,37,All,6,11,14.849999999999994,17,21,23,26.649999999999977,31,34,37,42,45,50.35000000000002,56,63,71.20000000000005,84,102,138.14999999999986
LSHTM,8,3,2021,3,4,2021,England,type28_death_inc_line,EpiNow,MTP,Cases,2.0,37,All,5,11,14,18,19,22,26,29,32,37,40,44,50,56.299999999999955,63,74,83,104,141.04999999999995
LSHTM,8,3,2021,4,4,2021,England,type28_death_inc_line,EpiNow,MTP,Cases,2.0,35,All,4,11,13,16,19,22,24.649999999999977,28,31,35,39,43,48,54,61,71,82,103,147.04999999999995
LSHTM,8,3,2021,5,4,2021,England,type28_death_inc_line,EpiNow,MTP,Cases,2.0,35,All,3,9.900000000000006,13,14,19,20,23,27,31,35,39,43,48,53,61,70.20000000000005,84,104.10000000000002,153.14999999999986
LSHTM,8,3,2021,6,4,2021,England,type28_death_inc_line,EpiNow,MTP,Cases,2.0,30,All,3,6,10,13,15,18,21,23,27,30,33,38,42,46,54,64.20000000000005,77,98.10000000000002,143.04999999999995
LSHTM,8,3,2021,7,4,2021,England,type28_death_inc_line,EpiNow,MTP,Cases,2.0,27,All,2,5,8,12,12,17,18,21.200000000000045,25,27,31,36,39,45,53.25,63,72.14999999999998,94,143.14999999999986
LSHTM,8,3,2021,8,4,2021,England,type28_death_inc_line,EpiNow,MTP,Cases,2.0,28,All,2,4,9,11,13,17,19.649999999999977,23,25,28,34,36,42,48,54.25,64,77.14999999999998,100,154.04999999999995
LSHTM,8,3,2021,9,4,2021,England,type28_death_inc_line,EpiNow,MTP,Cases,2.0,26,All,2,5,6,8,12,13,17,19,22,26,29,34,39,43,49,59.200000000000045,72.14999999999998,98.10000000000002,146
LSHTM,8,3,2021,10,4,2021,England,type28_death_inc_line,EpiNow,MTP,Cases,2.0,25,All,1,5,7,9,12,13,16,19,22,25,30,34,38,42,50.25,60,71,98.10000000000002,152.04999999999995
LSHTM,8,3,2021,11,4,2021,England,type28_death_inc_line,EpiNow,MTP,Cases,2.0,22.5,All,2,4,5,7,12,13,14,19,20,22.5,27,32,38,41,50,59,72.14999999999998,98,167.0999999999999
LSHTM,8,3,2021,12,4,2021,England,type28_death_inc_line,EpiNow,MTP,Cases,2.0,22,All,1,2.9000000000000057,6,7,10,13,14,16,21,22,26,31,36,41,48,59,73.14999999999998,102,170.04999999999995
LSHTM,8,3,2021,13,4,2021,England,type28_death_inc_line,EpiNow,MTP,Cases,2.0,20,All,1,2,4,6,8,11,12,15,17,20,24,26,33,36,43,52,68.14999999999998,93.20000000000005,154.14999999999986
LSHTM,8,3,2021,14,4,2021,England,type28_death_inc_line,EpiNow,MTP,Cases,2.0,19,All,1,2,3,5,8,10,12,14,17,19,22,26,30,35,42,49,65.14999999999998,92.20000000000005,168.04999999999995
LSHTM,8,3,2021,15,4,2021,England,type28_death_inc_line,EpiNow,MTP,Cases,2.0,19,All,1,2,2,5.800000000000011,8,11,11,14,16,19,23,26,32,37,43.25,53,70.14999999999998,97.10000000000002,175.0999999999999
LSHTM,8,3,2021,16,4,2021,England,type28_death_inc_line,EpiNow,MTP,Cases,2.0,19,All,1,1.9000000000000057,2,4,6,9,11,12,15,19,20,26,28,36,42,52,65.14999999999998,94,161.24999999999977
LSHTM,8,3,2021,17,4,2021,England,type28_death_inc_line,EpiNow,MTP,Cases,2.0,17,All,1,1,2,4,6,8,11,11.600000000000023,15,17,21,24,28,35,41,50,67.14999999999998,98.10000000000002,174.0999999999999
LSHTM,8,3,2021,18,4,2021,England,type28_death_inc_line,EpiNow,MTP,Cases,2.0,17,All,1,1,2,4,6,8,10,11,14,17,19,23,27,34,40,52,65,97,188
LSHTM,8,3,2021,19,4,2021,England,type28_death_inc_line,EpiNow,MTP,Cases,2.0,17,All,0,1,2.8499999999999943,3,6,7,9,12,15,17,19,23,26,33,39.25,50,66,99.30000000000007,186.04999999999995
LSHTM,8,3,2021,20,4,2021,England,type28_death_inc_line,EpiNow,MTP,Cases,2.0,15,All,0,1,1,3,3,6,7,10,11.550000000000011,15,17,20,25,29,37,46,63.299999999999955,94.10000000000002,175.6499999999994
LSHTM,8,3,2021,21,4,2021,England,type28_death_inc_line,EpiNow,MTP,Cases,2.0,13,All,0,1,1,3,4,4,8,10,11,13,17,20,23,28.299999999999955,35,46,64,98,180.24999999999977
LSHTM,8,3,2021,22,4,2021,England,type28_death_inc_line,EpiNow,MTP,Cases,2.0,13,All,0,1,2,2,4,4,7,10,11,13,17,19,24,30,38,48,64,100.40000000000009,189.14999999999986
LSHTM,8,3,2021,23,4,2021,England,type28_death_inc_line,EpiNow,MTP,Cases,2.0,13,All,0,1,1,2,3,4,5.649999999999977,8,10,13,15,20,22,27,34,43,57.14999999999998,91,189.14999999999986
LSHTM,8,3,2021,24,4,2021,England,type28_death_inc_line,EpiNow,MTP,Cases,2.0,13,All,0,1,1,3,3,4,5,8,11,13,15,17,23,28,35.25,45,62,99.10000000000002,201.19999999999982
LSHTM,8,3,2021,25,4,2021,England,type28_death_inc_line,EpiNow,MTP,Cases,2.0,13,All,0,1,1,2,3,4,4,8,10,13,14,18,22,28,32,43,60.14999999999998,96.30000000000007,206.14999999999986
LSHTM,8,3,2021,26,4,2021,England,type28_death_inc_line,EpiNow,MTP,Cases,2.0,12,All,0,0,1,1,3,3,5,7.600000000000023,9,12,13,16.399999999999977,20,26,33,44,62,104.40000000000009,218.0999999999999
